asin,product_title,rating,count
B0CYZLT7M2,"eufy Security Heated Wearable Breast Pump S1 Pro, Slim Hands-Free with Industry-Leading HeatFlow Tech, Wireless Charging Case, App-Controlled OptiRhythm, Hospital-Grade Suction, in-Bra Use",1,10
B0CYZLT7M2,"eufy Security Heated Wearable Breast Pump S1 Pro, Slim Hands-Free with Industry-Leading HeatFlow Tech, Wireless Charging Case, App-Controlled OptiRhythm, Hospital-Grade Suction, in-Bra Use",2,5
B0CYZLT7M2,"eufy Security Heated Wearable Breast Pump S1 Pro, Slim Hands-Free with Industry-Leading HeatFlow Tech, Wireless Charging Case, App-Controlled OptiRhythm, Hospital-Grade Suction, in-Bra Use",3,5
B0CYZLT7M2,"eufy Security Heated Wearable Breast Pump S1 Pro, Slim Hands-Free with Industry-Leading HeatFlow Tech, Wireless Charging Case, App-Controlled OptiRhythm, Hospital-Grade Suction, in-Bra Use",4,9
B0CYZLT7M2,"eufy Security Heated Wearable Breast Pump S1 Pro, Slim Hands-Free with Industry-Leading HeatFlow Tech, Wireless Charging Case, App-Controlled OptiRhythm, Hospital-Grade Suction, in-Bra Use",5,71
B0CYZB2YZ1,"eufy Breast Pump Hands Free E10, Wearable Electric Breast Pump with App Control, Personalized Smart Rhythm, Hospital Grade Suction for More Milk, Portable, Leak-Proof & Ultra-Quiet",1,9
B0CYZB2YZ1,"eufy Breast Pump Hands Free E10, Wearable Electric Breast Pump with App Control, Personalized Smart Rhythm, Hospital Grade Suction for More Milk, Portable, Leak-Proof & Ultra-Quiet",2,5
B0CYZB2YZ1,"eufy Breast Pump Hands Free E10, Wearable Electric Breast Pump with App Control, Personalized Smart Rhythm, Hospital Grade Suction for More Milk, Portable, Leak-Proof & Ultra-Quiet",3,10
B0CYZB2YZ1,"eufy Breast Pump Hands Free E10, Wearable Electric Breast Pump with App Control, Personalized Smart Rhythm, Hospital Grade Suction for More Milk, Portable, Leak-Proof & Ultra-Quiet",4,15
B0CYZB2YZ1,"eufy Breast Pump Hands Free E10, Wearable Electric Breast Pump with App Control, Personalized Smart Rhythm, Hospital Grade Suction for More Milk, Portable, Leak-Proof & Ultra-Quiet",5,61
B0CNXFC6J8,"Momcozy Breast Pump Hands Free M5, Wearable Breast Pump of Baby Mouth Double-Sealed Flange with 3 Modes & 9 Levels, Electric Breast Pump Portable - 24mm, 2 Pack Cozy Red",1,9
B0CNXFC6J8,"Momcozy Breast Pump Hands Free M5, Wearable Breast Pump of Baby Mouth Double-Sealed Flange with 3 Modes & 9 Levels, Electric Breast Pump Portable - 24mm, 2 Pack Cozy Red",2,4
B0CNXFC6J8,"Momcozy Breast Pump Hands Free M5, Wearable Breast Pump of Baby Mouth Double-Sealed Flange with 3 Modes & 9 Levels, Electric Breast Pump Portable - 24mm, 2 Pack Cozy Red",3,6
B0CNXFC6J8,"Momcozy Breast Pump Hands Free M5, Wearable Breast Pump of Baby Mouth Double-Sealed Flange with 3 Modes & 9 Levels, Electric Breast Pump Portable - 24mm, 2 Pack Cozy Red",4,9
B0CNXFC6J8,"Momcozy Breast Pump Hands Free M5, Wearable Breast Pump of Baby Mouth Double-Sealed Flange with 3 Modes & 9 Levels, Electric Breast Pump Portable - 24mm, 2 Pack Cozy Red",5,72
B0DM4X6BZ9,"Momcozy Breast Pump Hands Free Upgraded Mobile Flow | M9, App Discreet Control with Personalized Multi-Modes & 15 Levels, Wearable Breast Pump 24mm, 2 Pack Cozy Red",1,9
B0DM4X6BZ9,"Momcozy Breast Pump Hands Free Upgraded Mobile Flow | M9, App Discreet Control with Personalized Multi-Modes & 15 Levels, Wearable Breast Pump 24mm, 2 Pack Cozy Red",2,3
B0DM4X6BZ9,"Momcozy Breast Pump Hands Free Upgraded Mobile Flow | M9, App Discreet Control with Personalized Multi-Modes & 15 Levels, Wearable Breast Pump 24mm, 2 Pack Cozy Red",3,8
B0DM4X6BZ9,"Momcozy Breast Pump Hands Free Upgraded Mobile Flow | M9, App Discreet Control with Personalized Multi-Modes & 15 Levels, Wearable Breast Pump 24mm, 2 Pack Cozy Red",4,7
B0DM4X6BZ9,"Momcozy Breast Pump Hands Free Upgraded Mobile Flow | M9, App Discreet Control with Personalized Multi-Modes & 15 Levels, Wearable Breast Pump 24mm, 2 Pack Cozy Red",5,73
B086T9P41B,Medela Pump in Style Breast Pump Starter Kit | Classic Pump | Double Electric Breastpump with Bottles,1,25
B086T9P41B,Medela Pump in Style Breast Pump Starter Kit | Classic Pump | Double Electric Breastpump with Bottles,2,7
B086T9P41B,Medela Pump in Style Breast Pump Starter Kit | Classic Pump | Double Electric Breastpump with Bottles,3,8
B086T9P41B,Medela Pump in Style Breast Pump Starter Kit | Classic Pump | Double Electric Breastpump with Bottles,4,10
B086T9P41B,Medela Pump in Style Breast Pump Starter Kit | Classic Pump | Double Electric Breastpump with Bottles,5,50
B0013O9RX8,Medela Freestyle Breast Pump,1,9
B0013O9RX8,Medela Freestyle Breast Pump,2,4
B0013O9RX8,Medela Freestyle Breast Pump,3,8
B0013O9RX8,Medela Freestyle Breast Pump,4,13
B0013O9RX8,Medela Freestyle Breast Pump,5,66
B07VR26V1Y,"Medela Freestyle Flex Breast Pump, Closed System Quiet Handheld Portable Double Electric Breastpump, Mobile Connected Smart Pump with Touch Screen LED Display and USB Rechargeable Battery",1,8
B07VR26V1Y,"Medela Freestyle Flex Breast Pump, Closed System Quiet Handheld Portable Double Electric Breastpump, Mobile Connected Smart Pump with Touch Screen LED Display and USB Rechargeable Battery",2,2
B07VR26V1Y,"Medela Freestyle Flex Breast Pump, Closed System Quiet Handheld Portable Double Electric Breastpump, Mobile Connected Smart Pump with Touch Screen LED Display and USB Rechargeable Battery",3,7
B07VR26V1Y,"Medela Freestyle Flex Breast Pump, Closed System Quiet Handheld Portable Double Electric Breastpump, Mobile Connected Smart Pump with Touch Screen LED Display and USB Rechargeable Battery",4,13
B07VR26V1Y,"Medela Freestyle Flex Breast Pump, Closed System Quiet Handheld Portable Double Electric Breastpump, Mobile Connected Smart Pump with Touch Screen LED Display and USB Rechargeable Battery",5,70
B0BNW6Q1CY,"Medela Freestyle Hands-Free Breast Pump | Wearable, Portable and Discreet Double Electric Breast Pump with App Connectivity",1,9
B0BNW6Q1CY,"Medela Freestyle Hands-Free Breast Pump | Wearable, Portable and Discreet Double Electric Breast Pump with App Connectivity",2,2
B0BNW6Q1CY,"Medela Freestyle Hands-Free Breast Pump | Wearable, Portable and Discreet Double Electric Breast Pump with App Connectivity",3,5
B0BNW6Q1CY,"Medela Freestyle Hands-Free Breast Pump | Wearable, Portable and Discreet Double Electric Breast Pump with App Connectivity",4,8
B0BNW6Q1CY,"Medela Freestyle Hands-Free Breast Pump | Wearable, Portable and Discreet Double Electric Breast Pump with App Connectivity",5,76
B08DBMQSVN,Medela Harmony Manual Breast Pump - Compact Swiss Design Featuring PersonalFit Flex Shields and Medela 2-Phase Expression Technology,1,10
B08DBMQSVN,Medela Harmony Manual Breast Pump - Compact Swiss Design Featuring PersonalFit Flex Shields and Medela 2-Phase Expression Technology,2,4
B08DBMQSVN,Medela Harmony Manual Breast Pump - Compact Swiss Design Featuring PersonalFit Flex Shields and Medela 2-Phase Expression Technology,3,8
B08DBMQSVN,Medela Harmony Manual Breast Pump - Compact Swiss Design Featuring PersonalFit Flex Shields and Medela 2-Phase Expression Technology,4,13
B08DBMQSVN,Medela Harmony Manual Breast Pump - Compact Swiss Design Featuring PersonalFit Flex Shields and Medela 2-Phase Expression Technology,5,65
B0F56HC6D8,"New 2nd Gen Medela Pump in Style Pro Breast Pump, Clinically Proven Hospital-Efficiency, Compact Portable Double Electric Pump with Bottles and PersonalFit Plus Breast Shields",1,9
B0F56HC6D8,"New 2nd Gen Medela Pump in Style Pro Breast Pump, Clinically Proven Hospital-Efficiency, Compact Portable Double Electric Pump with Bottles and PersonalFit Plus Breast Shields",2,5
B0F56HC6D8,"New 2nd Gen Medela Pump in Style Pro Breast Pump, Clinically Proven Hospital-Efficiency, Compact Portable Double Electric Pump with Bottles and PersonalFit Plus Breast Shields",3,7
B0F56HC6D8,"New 2nd Gen Medela Pump in Style Pro Breast Pump, Clinically Proven Hospital-Efficiency, Compact Portable Double Electric Pump with Bottles and PersonalFit Plus Breast Shields",4,14
B0F56HC6D8,"New 2nd Gen Medela Pump in Style Pro Breast Pump, Clinically Proven Hospital-Efficiency, Compact Portable Double Electric Pump with Bottles and PersonalFit Plus Breast Shields",5,65
B07THL4N1P,"Medela Sonata Smart Breast Pump, Hospital Performance Double Electric Breastpump, Rechargeable, Flex Breast Shields, Touch Screen Display, Connects to Medela Family App, 101037319",1,5
B07THL4N1P,"Medela Sonata Smart Breast Pump, Hospital Performance Double Electric Breastpump, Rechargeable, Flex Breast Shields, Touch Screen Display, Connects to Medela Family App, 101037319",2,3
B07THL4N1P,"Medela Sonata Smart Breast Pump, Hospital Performance Double Electric Breastpump, Rechargeable, Flex Breast Shields, Touch Screen Display, Connects to Medela Family App, 101037319",3,4
B07THL4N1P,"Medela Sonata Smart Breast Pump, Hospital Performance Double Electric Breastpump, Rechargeable, Flex Breast Shields, Touch Screen Display, Connects to Medela Family App, 101037319",4,8
B07THL4N1P,"Medela Sonata Smart Breast Pump, Hospital Performance Double Electric Breastpump, Rechargeable, Flex Breast Shields, Touch Screen Display, Connects to Medela Family App, 101037319",5,80
B0D916G33M,"Medela Swing Maxi Hands-Free Breast Pump | Easy, Intuitive, Ideal for On The Go Double Electric Hands Free Breast Pump",1,10
B0D916G33M,"Medela Swing Maxi Hands-Free Breast Pump | Easy, Intuitive, Ideal for On The Go Double Electric Hands Free Breast Pump",2,5
B0D916G33M,"Medela Swing Maxi Hands-Free Breast Pump | Easy, Intuitive, Ideal for On The Go Double Electric Hands Free Breast Pump",3,10
B0D916G33M,"Medela Swing Maxi Hands-Free Breast Pump | Easy, Intuitive, Ideal for On The Go Double Electric Hands Free Breast Pump",4,10
B0D916G33M,"Medela Swing Maxi Hands-Free Breast Pump | Easy, Intuitive, Ideal for On The Go Double Electric Hands Free Breast Pump",5,65
B087R27MFH,"Dr. Brown's Customflow Hospital Strength Double Electric Breast Pump with Adjustable Settings, includes Breast Milk Collection Bottles, Flanges & Other Pumping Essentials",1,7
B087R27MFH,"Dr. Brown's Customflow Hospital Strength Double Electric Breast Pump with Adjustable Settings, includes Breast Milk Collection Bottles, Flanges & Other Pumping Essentials",2,3
B087R27MFH,"Dr. Brown's Customflow Hospital Strength Double Electric Breast Pump with Adjustable Settings, includes Breast Milk Collection Bottles, Flanges & Other Pumping Essentials",3,6
B087R27MFH,"Dr. Brown's Customflow Hospital Strength Double Electric Breast Pump with Adjustable Settings, includes Breast Milk Collection Bottles, Flanges & Other Pumping Essentials",4,13
B087R27MFH,"Dr. Brown's Customflow Hospital Strength Double Electric Breast Pump with Adjustable Settings, includes Breast Milk Collection Bottles, Flanges & Other Pumping Essentials",5,71
B08B2BYL94,"Dr. Brown's Manual Breast Pump with SoftShape 100% Silicone Shield (B,25mm flange) & Anti-Colic Options+ Wide-Neck Baby Bottle 5 oz/150 mL,with Level 1 Slow Flow Nipple",1,6
B08B2BYL94,"Dr. Brown's Manual Breast Pump with SoftShape 100% Silicone Shield (B,25mm flange) & Anti-Colic Options+ Wide-Neck Baby Bottle 5 oz/150 mL,with Level 1 Slow Flow Nipple",2,4
B08B2BYL94,"Dr. Brown's Manual Breast Pump with SoftShape 100% Silicone Shield (B,25mm flange) & Anti-Colic Options+ Wide-Neck Baby Bottle 5 oz/150 mL,with Level 1 Slow Flow Nipple",3,10
B08B2BYL94,"Dr. Brown's Manual Breast Pump with SoftShape 100% Silicone Shield (B,25mm flange) & Anti-Colic Options+ Wide-Neck Baby Bottle 5 oz/150 mL,with Level 1 Slow Flow Nipple",4,14
B08B2BYL94,"Dr. Brown's Manual Breast Pump with SoftShape 100% Silicone Shield (B,25mm flange) & Anti-Colic Options+ Wide-Neck Baby Bottle 5 oz/150 mL,with Level 1 Slow Flow Nipple",5,66
B07WHZQCM1,"Dr. Brown's 100% Silicone One-Piece Breast Pump,Hands-Free Breast Milk Collector with Anti-Colic Options+ Baby Bottle (4 oz/120 mL),Level 1 Nipple,Travel Lid and Travel Bag",1,4
B07WHZQCM1,"Dr. Brown's 100% Silicone One-Piece Breast Pump,Hands-Free Breast Milk Collector with Anti-Colic Options+ Baby Bottle (4 oz/120 mL),Level 1 Nipple,Travel Lid and Travel Bag",2,3
B07WHZQCM1,"Dr. Brown's 100% Silicone One-Piece Breast Pump,Hands-Free Breast Milk Collector with Anti-Colic Options+ Baby Bottle (4 oz/120 mL),Level 1 Nipple,Travel Lid and Travel Bag",3,7
B07WHZQCM1,"Dr. Brown's 100% Silicone One-Piece Breast Pump,Hands-Free Breast Milk Collector with Anti-Colic Options+ Baby Bottle (4 oz/120 mL),Level 1 Nipple,Travel Lid and Travel Bag",4,12
B07WHZQCM1,"Dr. Brown's 100% Silicone One-Piece Breast Pump,Hands-Free Breast Milk Collector with Anti-Colic Options+ Baby Bottle (4 oz/120 mL),Level 1 Nipple,Travel Lid and Travel Bag",5,74
B07G375DHR,"Elvie - Double, Wearable Breast Pump w/App - The Smallest & Quietest - Portable - Hands Free & Discreet - Automated with Four Personalized Settings",1,14
B07G375DHR,"Elvie - Double, Wearable Breast Pump w/App - The Smallest & Quietest - Portable - Hands Free & Discreet - Automated with Four Personalized Settings",2,4
B07G375DHR,"Elvie - Double, Wearable Breast Pump w/App - The Smallest & Quietest - Portable - Hands Free & Discreet - Automated with Four Personalized Settings",3,6
B07G375DHR,"Elvie - Double, Wearable Breast Pump w/App - The Smallest & Quietest - Portable - Hands Free & Discreet - Automated with Four Personalized Settings",4,10
B07G375DHR,"Elvie - Double, Wearable Breast Pump w/App - The Smallest & Quietest - Portable - Hands Free & Discreet - Automated with Four Personalized Settings",5,66
B07YF2BJBC,"Elvie - Single, Wearable Breast Pump w/App - The Smallest & Quietest - Portable - Hands Free & Discreet - Automated w/Four Personalized Settings - Includes 3 Sets of Breast Shields",1,14
B07YF2BJBC,"Elvie - Single, Wearable Breast Pump w/App - The Smallest & Quietest - Portable - Hands Free & Discreet - Automated w/Four Personalized Settings - Includes 3 Sets of Breast Shields",2,4
B07YF2BJBC,"Elvie - Single, Wearable Breast Pump w/App - The Smallest & Quietest - Portable - Hands Free & Discreet - Automated w/Four Personalized Settings - Includes 3 Sets of Breast Shields",3,6
B07YF2BJBC,"Elvie - Single, Wearable Breast Pump w/App - The Smallest & Quietest - Portable - Hands Free & Discreet - Automated w/Four Personalized Settings - Includes 3 Sets of Breast Shields",4,10
B07YF2BJBC,"Elvie - Single, Wearable Breast Pump w/App - The Smallest & Quietest - Portable - Hands Free & Discreet - Automated w/Four Personalized Settings - Includes 3 Sets of Breast Shields",5,66
B09Z37X2MP,"Elvie Stride Hospital-Grade, App-Controlled Breast Pump - Hands-Free, Wearable, Ultra-Quiet & Electric with 2-Modes, 10-Settings & 5oz Capacity per Cup",1,9
B09Z37X2MP,"Elvie Stride Hospital-Grade, App-Controlled Breast Pump - Hands-Free, Wearable, Ultra-Quiet & Electric with 2-Modes, 10-Settings & 5oz Capacity per Cup",2,3
B09Z37X2MP,"Elvie Stride Hospital-Grade, App-Controlled Breast Pump - Hands-Free, Wearable, Ultra-Quiet & Electric with 2-Modes, 10-Settings & 5oz Capacity per Cup",3,6
B09Z37X2MP,"Elvie Stride Hospital-Grade, App-Controlled Breast Pump - Hands-Free, Wearable, Ultra-Quiet & Electric with 2-Modes, 10-Settings & 5oz Capacity per Cup",4,9
B09Z37X2MP,"Elvie Stride Hospital-Grade, App-Controlled Breast Pump - Hands-Free, Wearable, Ultra-Quiet & Electric with 2-Modes, 10-Settings & 5oz Capacity per Cup",5,73
B08HSNW53Y,"Elvie Curve - Manual Wearable Breast Pump - Hands-Free, Kick-Proof, Portable Silicone Pump That Can Be Worn in-Bra for Gentle, Natural Milk Expression - Breast Feeding Essentials",1,12
B08HSNW53Y,"Elvie Curve - Manual Wearable Breast Pump - Hands-Free, Kick-Proof, Portable Silicone Pump That Can Be Worn in-Bra for Gentle, Natural Milk Expression - Breast Feeding Essentials",2,7
B08HSNW53Y,"Elvie Curve - Manual Wearable Breast Pump - Hands-Free, Kick-Proof, Portable Silicone Pump That Can Be Worn in-Bra for Gentle, Natural Milk Expression - Breast Feeding Essentials",3,12
B08HSNW53Y,"Elvie Curve - Manual Wearable Breast Pump - Hands-Free, Kick-Proof, Portable Silicone Pump That Can Be Worn in-Bra for Gentle, Natural Milk Expression - Breast Feeding Essentials",4,11
B08HSNW53Y,"Elvie Curve - Manual Wearable Breast Pump - Hands-Free, Kick-Proof, Portable Silicone Pump That Can Be Worn in-Bra for Gentle, Natural Milk Expression - Breast Feeding Essentials",5,58
B09P46YTLW,"Freemie Liberty II Deluxe Hands-Free Wearable Breast Pump System for Discreet Pumping | Quiet Rechargeable Mobile Breast Pump | Ultra-Lightweight in-Bra Cups, 25mm & 28mm Breast Flanges Included",1,13
B09P46YTLW,"Freemie Liberty II Deluxe Hands-Free Wearable Breast Pump System for Discreet Pumping | Quiet Rechargeable Mobile Breast Pump | Ultra-Lightweight in-Bra Cups, 25mm & 28mm Breast Flanges Included",2,11
B09P46YTLW,"Freemie Liberty II Deluxe Hands-Free Wearable Breast Pump System for Discreet Pumping | Quiet Rechargeable Mobile Breast Pump | Ultra-Lightweight in-Bra Cups, 25mm & 28mm Breast Flanges Included",3,10
B09P46YTLW,"Freemie Liberty II Deluxe Hands-Free Wearable Breast Pump System for Discreet Pumping | Quiet Rechargeable Mobile Breast Pump | Ultra-Lightweight in-Bra Cups, 25mm & 28mm Breast Flanges Included",4,15
B09P46YTLW,"Freemie Liberty II Deluxe Hands-Free Wearable Breast Pump System for Discreet Pumping | Quiet Rechargeable Mobile Breast Pump | Ultra-Lightweight in-Bra Cups, 25mm & 28mm Breast Flanges Included",5,51
B0B64DT8PS,"Freemie Independence II Deluxe Wearable Breast Pump System | Quiet Rechargeable Mobile Breast Pump | Ultra-Lightweight in-Bra Cups, Grey (FG087)",1,20
B0B64DT8PS,"Freemie Independence II Deluxe Wearable Breast Pump System | Quiet Rechargeable Mobile Breast Pump | Ultra-Lightweight in-Bra Cups, Grey (FG087)",2,20
B0B64DT8PS,"Freemie Independence II Deluxe Wearable Breast Pump System | Quiet Rechargeable Mobile Breast Pump | Ultra-Lightweight in-Bra Cups, Grey (FG087)",3,0
B0B64DT8PS,"Freemie Independence II Deluxe Wearable Breast Pump System | Quiet Rechargeable Mobile Breast Pump | Ultra-Lightweight in-Bra Cups, Grey (FG087)",4,0
B0B64DT8PS,"Freemie Independence II Deluxe Wearable Breast Pump System | Quiet Rechargeable Mobile Breast Pump | Ultra-Lightweight in-Bra Cups, Grey (FG087)",5,60
B09R8V4PGZ,Freemie Rose Premium Hands-Free Wearable Breast Pump System | Quiet Rechargeable Mobile Breast Pump | Ultra-Discreet in-Bra Pink Cups | 3 Sizes Included,1,30
B09R8V4PGZ,Freemie Rose Premium Hands-Free Wearable Breast Pump System | Quiet Rechargeable Mobile Breast Pump | Ultra-Discreet in-Bra Pink Cups | 3 Sizes Included,2,6
B09R8V4PGZ,Freemie Rose Premium Hands-Free Wearable Breast Pump System | Quiet Rechargeable Mobile Breast Pump | Ultra-Discreet in-Bra Pink Cups | 3 Sizes Included,3,14
B09R8V4PGZ,Freemie Rose Premium Hands-Free Wearable Breast Pump System | Quiet Rechargeable Mobile Breast Pump | Ultra-Discreet in-Bra Pink Cups | 3 Sizes Included,4,20
B09R8V4PGZ,Freemie Rose Premium Hands-Free Wearable Breast Pump System | Quiet Rechargeable Mobile Breast Pump | Ultra-Discreet in-Bra Pink Cups | 3 Sizes Included,5,30
B07YYG3MYG,Evenflo Advanced Double Electric Hospital-Strength Breast Pump,1,7
B07YYG3MYG,Evenflo Advanced Double Electric Hospital-Strength Breast Pump,2,8
B07YYG3MYG,Evenflo Advanced Double Electric Hospital-Strength Breast Pump,3,10
B07YYG3MYG,Evenflo Advanced Double Electric Hospital-Strength Breast Pump,4,10
B07YYG3MYG,Evenflo Advanced Double Electric Hospital-Strength Breast Pump,5,65
B075T3VLJW,Evenflo Feeding Occasional Use Closed System Advanced Single Electric One-Handed Breast Pump,1,15
B075T3VLJW,Evenflo Feeding Occasional Use Closed System Advanced Single Electric One-Handed Breast Pump,2,5
B075T3VLJW,Evenflo Feeding Occasional Use Closed System Advanced Single Electric One-Handed Breast Pump,3,12
B075T3VLJW,Evenflo Feeding Occasional Use Closed System Advanced Single Electric One-Handed Breast Pump,4,15
B075T3VLJW,Evenflo Feeding Occasional Use Closed System Advanced Single Electric One-Handed Breast Pump,5,53
B008D1O8WY,Evenflo Manual Breast Pump,1,5
B008D1O8WY,Evenflo Manual Breast Pump,2,3
B008D1O8WY,Evenflo Manual Breast Pump,3,8
B008D1O8WY,Evenflo Manual Breast Pump,4,14
B008D1O8WY,Evenflo Manual Breast Pump,5,70
B0CKY3FDVX,"Philips Avent Double Electric Breast Pump - Electric Breast Pump, Hospital Strength, with Travel Bag and Pouch, SCF393/82",1,8
B0CKY3FDVX,"Philips Avent Double Electric Breast Pump - Electric Breast Pump, Hospital Strength, with Travel Bag and Pouch, SCF393/82",2,4
B0CKY3FDVX,"Philips Avent Double Electric Breast Pump - Electric Breast Pump, Hospital Strength, with Travel Bag and Pouch, SCF393/82",3,9
B0CKY3FDVX,"Philips Avent Double Electric Breast Pump - Electric Breast Pump, Hospital Strength, with Travel Bag and Pouch, SCF393/82",4,12
B0CKY3FDVX,"Philips Avent Double Electric Breast Pump - Electric Breast Pump, Hospital Strength, with Travel Bag and Pouch, SCF393/82",5,67
B095XS1C6K,"Philips Avent Single Electric Breast Pump Advanced, with Natural Motion Technology, SCF391/62",1,8
B095XS1C6K,"Philips Avent Single Electric Breast Pump Advanced, with Natural Motion Technology, SCF391/62",2,4
B095XS1C6K,"Philips Avent Single Electric Breast Pump Advanced, with Natural Motion Technology, SCF391/62",3,9
B095XS1C6K,"Philips Avent Single Electric Breast Pump Advanced, with Natural Motion Technology, SCF391/62",4,12
B095XS1C6K,"Philips Avent Single Electric Breast Pump Advanced, with Natural Motion Technology, SCF391/62",5,67
B009YSYCZS,Philips Avent Manual Comfort Breast Pump,1,1
B009YSYCZS,Philips Avent Manual Comfort Breast Pump,2,1
B009YSYCZS,Philips Avent Manual Comfort Breast Pump,3,7
B009YSYCZS,Philips Avent Manual Comfort Breast Pump,4,10
B009YSYCZS,Philips Avent Manual Comfort Breast Pump,5,81
B000P9XJ5E,"Lansinoh Signature Pro Double Electric Breast Pump, Portable with LCD Display, 3 Power Options, Includes 25mm Flanges, 2 Baby Bottles with 1 Slow Flow Bottle Nipple, and Carry Bag",1,4
B000P9XJ5E,"Lansinoh Signature Pro Double Electric Breast Pump, Portable with LCD Display, 3 Power Options, Includes 25mm Flanges, 2 Baby Bottles with 1 Slow Flow Bottle Nipple, and Carry Bag",2,2
B000P9XJ5E,"Lansinoh Signature Pro Double Electric Breast Pump, Portable with LCD Display, 3 Power Options, Includes 25mm Flanges, 2 Baby Bottles with 1 Slow Flow Bottle Nipple, and Carry Bag",3,7
B000P9XJ5E,"Lansinoh Signature Pro Double Electric Breast Pump, Portable with LCD Display, 3 Power Options, Includes 25mm Flanges, 2 Baby Bottles with 1 Slow Flow Bottle Nipple, and Carry Bag",4,11
B000P9XJ5E,"Lansinoh Signature Pro Double Electric Breast Pump, Portable with LCD Display, 3 Power Options, Includes 25mm Flanges, 2 Baby Bottles with 1 Slow Flow Bottle Nipple, and Carry Bag",5,76
B00GY1SCW2,"Lansinoh Manual Breast Pump, Hand Pump with Comfortable Flange, Includes 5oz Baby Bottle with Slow Flow Nipple, Breastfeeding Essentials",1,4
B00GY1SCW2,"Lansinoh Manual Breast Pump, Hand Pump with Comfortable Flange, Includes 5oz Baby Bottle with Slow Flow Nipple, Breastfeeding Essentials",2,3
B00GY1SCW2,"Lansinoh Manual Breast Pump, Hand Pump with Comfortable Flange, Includes 5oz Baby Bottle with Slow Flow Nipple, Breastfeeding Essentials",3,8
B00GY1SCW2,"Lansinoh Manual Breast Pump, Hand Pump with Comfortable Flange, Includes 5oz Baby Bottle with Slow Flow Nipple, Breastfeeding Essentials",4,12
B00GY1SCW2,"Lansinoh Manual Breast Pump, Hand Pump with Comfortable Flange, Includes 5oz Baby Bottle with Slow Flow Nipple, Breastfeeding Essentials",5,73
B09BZR21RJ,Medela Breast Pump | Swing Maxi Double Electric | Portable Breast Pump | USB-C Rechargeable | Bluetooth | Closed System | with Carry Bag,1,10
B09BZR21RJ,Medela Breast Pump | Swing Maxi Double Electric | Portable Breast Pump | USB-C Rechargeable | Bluetooth | Closed System | with Carry Bag,2,5
B09BZR21RJ,Medela Breast Pump | Swing Maxi Double Electric | Portable Breast Pump | USB-C Rechargeable | Bluetooth | Closed System | with Carry Bag,3,10
B09BZR21RJ,Medela Breast Pump | Swing Maxi Double Electric | Portable Breast Pump | USB-C Rechargeable | Bluetooth | Closed System | with Carry Bag,4,10
B09BZR21RJ,Medela Breast Pump | Swing Maxi Double Electric | Portable Breast Pump | USB-C Rechargeable | Bluetooth | Closed System | with Carry Bag,5,65
B0CP5KB3BH,"Momcozy Breast Pump S12 Pro Hands-Free, Wearable & Wireless Pump with Soft Double-Sealed Flange, 3 Modes & 9 Levels Double Electric Pump Portable, Smart Display, 24mm, 1 Pack, White",1,7
B0CP5KB3BH,"Momcozy Breast Pump S12 Pro Hands-Free, Wearable & Wireless Pump with Soft Double-Sealed Flange, 3 Modes & 9 Levels Double Electric Pump Portable, Smart Display, 24mm, 1 Pack, White",2,3
B0CP5KB3BH,"Momcozy Breast Pump S12 Pro Hands-Free, Wearable & Wireless Pump with Soft Double-Sealed Flange, 3 Modes & 9 Levels Double Electric Pump Portable, Smart Display, 24mm, 1 Pack, White",3,6
B0CP5KB3BH,"Momcozy Breast Pump S12 Pro Hands-Free, Wearable & Wireless Pump with Soft Double-Sealed Flange, 3 Modes & 9 Levels Double Electric Pump Portable, Smart Display, 24mm, 1 Pack, White",4,9
B0CP5KB3BH,"Momcozy Breast Pump S12 Pro Hands-Free, Wearable & Wireless Pump with Soft Double-Sealed Flange, 3 Modes & 9 Levels Double Electric Pump Portable, Smart Display, 24mm, 1 Pack, White",5,75
B0BPBF93C3,"Momcozy Breast Pump Hands Free M5, Wearable Breast Pump of Baby Mouth Double-Sealed Flange with 3 Modes & 9 Levels, Electric Breast Pump Portable - 24mm, 2 Pack Mint",1,17
B0BPBF93C3,"Momcozy Breast Pump Hands Free M5, Wearable Breast Pump of Baby Mouth Double-Sealed Flange with 3 Modes & 9 Levels, Electric Breast Pump Portable - 24mm, 2 Pack Mint",2,9
B0BPBF93C3,"Momcozy Breast Pump Hands Free M5, Wearable Breast Pump of Baby Mouth Double-Sealed Flange with 3 Modes & 9 Levels, Electric Breast Pump Portable - 24mm, 2 Pack Mint",3,8
B0BPBF93C3,"Momcozy Breast Pump Hands Free M5, Wearable Breast Pump of Baby Mouth Double-Sealed Flange with 3 Modes & 9 Levels, Electric Breast Pump Portable - 24mm, 2 Pack Mint",4,10
B0BPBF93C3,"Momcozy Breast Pump Hands Free M5, Wearable Breast Pump of Baby Mouth Double-Sealed Flange with 3 Modes & 9 Levels, Electric Breast Pump Portable - 24mm, 2 Pack Mint",5,56
B0BXH3XF7X,"Momcozy S9 Pro Wearable Breast Pump – Enhanced Hands-Free Convenience with Long-Lasting Battery and LED Display, 24mm",1,10
B0BXH3XF7X,"Momcozy S9 Pro Wearable Breast Pump – Enhanced Hands-Free Convenience with Long-Lasting Battery and LED Display, 24mm",2,6
B0BXH3XF7X,"Momcozy S9 Pro Wearable Breast Pump – Enhanced Hands-Free Convenience with Long-Lasting Battery and LED Display, 24mm",3,8
B0BXH3XF7X,"Momcozy S9 Pro Wearable Breast Pump – Enhanced Hands-Free Convenience with Long-Lasting Battery and LED Display, 24mm",4,10
B0BXH3XF7X,"Momcozy S9 Pro Wearable Breast Pump – Enhanced Hands-Free Convenience with Long-Lasting Battery and LED Display, 24mm",5,66
B07QDP8S4T,"Motif Medical Luna Double Electric Pump for Breastfeeding - Portable - Hospital Grade Pump w/LED Light - Hands-Free Breast Pump, Quiet Motor Baby Breast Pump",1,14
B07QDP8S4T,"Motif Medical Luna Double Electric Pump for Breastfeeding - Portable - Hospital Grade Pump w/LED Light - Hands-Free Breast Pump, Quiet Motor Baby Breast Pump",2,5
B07QDP8S4T,"Motif Medical Luna Double Electric Pump for Breastfeeding - Portable - Hospital Grade Pump w/LED Light - Hands-Free Breast Pump, Quiet Motor Baby Breast Pump",3,6
B07QDP8S4T,"Motif Medical Luna Double Electric Pump for Breastfeeding - Portable - Hospital Grade Pump w/LED Light - Hands-Free Breast Pump, Quiet Motor Baby Breast Pump",4,9
B07QDP8S4T,"Motif Medical Luna Double Electric Pump for Breastfeeding - Portable - Hospital Grade Pump w/LED Light - Hands-Free Breast Pump, Quiet Motor Baby Breast Pump",5,66
B09V3K2966,"Motif Medical New & Improved Duo Double Electric Breast Pump - Lightweight & Portable Electric Breast Pump w/Hands-Free Bra, Rechargeable 2.5-Hour Battery - Nursing Pump for Travel Moms (White)",1,16
B09V3K2966,"Motif Medical New & Improved Duo Double Electric Breast Pump - Lightweight & Portable Electric Breast Pump w/Hands-Free Bra, Rechargeable 2.5-Hour Battery - Nursing Pump for Travel Moms (White)",2,3
B09V3K2966,"Motif Medical New & Improved Duo Double Electric Breast Pump - Lightweight & Portable Electric Breast Pump w/Hands-Free Bra, Rechargeable 2.5-Hour Battery - Nursing Pump for Travel Moms (White)",3,11
B09V3K2966,"Motif Medical New & Improved Duo Double Electric Breast Pump - Lightweight & Portable Electric Breast Pump w/Hands-Free Bra, Rechargeable 2.5-Hour Battery - Nursing Pump for Travel Moms (White)",4,17
B09V3K2966,"Motif Medical New & Improved Duo Double Electric Breast Pump - Lightweight & Portable Electric Breast Pump w/Hands-Free Bra, Rechargeable 2.5-Hour Battery - Nursing Pump for Travel Moms (White)",5,53
B0DK82H64D,"Motif Medical, Twist, Double/Single Electric Breast Pump for Breastfeeding with Storage Bag",1,32
B0DK82H64D,"Motif Medical, Twist, Double/Single Electric Breast Pump for Breastfeeding with Storage Bag",2,0
B0DK82H64D,"Motif Medical, Twist, Double/Single Electric Breast Pump for Breastfeeding with Storage Bag",3,0
B0DK82H64D,"Motif Medical, Twist, Double/Single Electric Breast Pump for Breastfeeding with Storage Bag",4,34
B0DK82H64D,"Motif Medical, Twist, Double/Single Electric Breast Pump for Breastfeeding with Storage Bag",5,34
B08GLKD39J,"Tommee Tippee Made for Me Double Electric Breast Pump, USB Rechargeable | Quiet, Portable, Lightweight",1,7
B08GLKD39J,"Tommee Tippee Made for Me Double Electric Breast Pump, USB Rechargeable | Quiet, Portable, Lightweight",2,5
B08GLKD39J,"Tommee Tippee Made for Me Double Electric Breast Pump, USB Rechargeable | Quiet, Portable, Lightweight",3,7
B08GLKD39J,"Tommee Tippee Made for Me Double Electric Breast Pump, USB Rechargeable | Quiet, Portable, Lightweight",4,10
B08GLKD39J,"Tommee Tippee Made for Me Double Electric Breast Pump, USB Rechargeable | Quiet, Portable, Lightweight",5,71
B081HS3WC2,"Tommee Tippee Made for Me Single Electric Breast Pump, USB Rechargeable | Quiet, Portable, Lightweight",1,7
B081HS3WC2,"Tommee Tippee Made for Me Single Electric Breast Pump, USB Rechargeable | Quiet, Portable, Lightweight",2,4
B081HS3WC2,"Tommee Tippee Made for Me Single Electric Breast Pump, USB Rechargeable | Quiet, Portable, Lightweight",3,7
B081HS3WC2,"Tommee Tippee Made for Me Single Electric Breast Pump, USB Rechargeable | Quiet, Portable, Lightweight",4,10
B081HS3WC2,"Tommee Tippee Made for Me Single Electric Breast Pump, USB Rechargeable | Quiet, Portable, Lightweight",5,72
B08175T6NK,"Tommee Tippee Made for Me Single Manual Breast Pump | Soft, Cushioned Silicone Cup | Reduced Hand Strain",1,18
B08175T6NK,"Tommee Tippee Made for Me Single Manual Breast Pump | Soft, Cushioned Silicone Cup | Reduced Hand Strain",2,6
B08175T6NK,"Tommee Tippee Made for Me Single Manual Breast Pump | Soft, Cushioned Silicone Cup | Reduced Hand Strain",3,13
B08175T6NK,"Tommee Tippee Made for Me Single Manual Breast Pump | Soft, Cushioned Silicone Cup | Reduced Hand Strain",4,14
B08175T6NK,"Tommee Tippee Made for Me Single Manual Breast Pump | Soft, Cushioned Silicone Cup | Reduced Hand Strain",5,49
B08637XY8V,"Willow 3.0 Wearable Breast Pump, Double Electric Breast Pump, Cordless, Hands Free Breast Pump with 9 Levels of Smart, Hospital Grade Suction Strength, 100% Leak Proof & Fits Fully In Bra, 24mm Flange",1,31
B08637XY8V,"Willow 3.0 Wearable Breast Pump, Double Electric Breast Pump, Cordless, Hands Free Breast Pump with 9 Levels of Smart, Hospital Grade Suction Strength, 100% Leak Proof & Fits Fully In Bra, 24mm Flange",2,9
B08637XY8V,"Willow 3.0 Wearable Breast Pump, Double Electric Breast Pump, Cordless, Hands Free Breast Pump with 9 Levels of Smart, Hospital Grade Suction Strength, 100% Leak Proof & Fits Fully In Bra, 24mm Flange",3,8
B08637XY8V,"Willow 3.0 Wearable Breast Pump, Double Electric Breast Pump, Cordless, Hands Free Breast Pump with 9 Levels of Smart, Hospital Grade Suction Strength, 100% Leak Proof & Fits Fully In Bra, 24mm Flange",4,10
B08637XY8V,"Willow 3.0 Wearable Breast Pump, Double Electric Breast Pump, Cordless, Hands Free Breast Pump with 9 Levels of Smart, Hospital Grade Suction Strength, 100% Leak Proof & Fits Fully In Bra, 24mm Flange",5,42
B0B2SK47X6,"Willow Go - Hands Free Breast Pump - Wearable Breastfeeding Pump - Portable, Electric, Cordless, & 9 Levels of Hospital Grade Suction Strength - Postpartum Essentials - Double Breast Pump",1,13
B0B2SK47X6,"Willow Go - Hands Free Breast Pump - Wearable Breastfeeding Pump - Portable, Electric, Cordless, & 9 Levels of Hospital Grade Suction Strength - Postpartum Essentials - Double Breast Pump",2,5
B0B2SK47X6,"Willow Go - Hands Free Breast Pump - Wearable Breastfeeding Pump - Portable, Electric, Cordless, & 9 Levels of Hospital Grade Suction Strength - Postpartum Essentials - Double Breast Pump",3,6
B0B2SK47X6,"Willow Go - Hands Free Breast Pump - Wearable Breastfeeding Pump - Portable, Electric, Cordless, & 9 Levels of Hospital Grade Suction Strength - Postpartum Essentials - Double Breast Pump",4,10
B0B2SK47X6,"Willow Go - Hands Free Breast Pump - Wearable Breastfeeding Pump - Portable, Electric, Cordless, & 9 Levels of Hospital Grade Suction Strength - Postpartum Essentials - Double Breast Pump",5,66
B07VM46YFV,"Spectra - S1 Plus Electric Breast Milk Pump with Tote Bag, Breast Milk Bottles and Cooler for Baby Feeding",1,4
B07VM46YFV,"Spectra - S1 Plus Electric Breast Milk Pump with Tote Bag, Breast Milk Bottles and Cooler for Baby Feeding",2,1
B07VM46YFV,"Spectra - S1 Plus Electric Breast Milk Pump with Tote Bag, Breast Milk Bottles and Cooler for Baby Feeding",3,3
B07VM46YFV,"Spectra - S1 Plus Electric Breast Milk Pump with Tote Bag, Breast Milk Bottles and Cooler for Baby Feeding",4,9
B07VM46YFV,"Spectra - S1 Plus Electric Breast Milk Pump with Tote Bag, Breast Milk Bottles and Cooler for Baby Feeding",5,83
B00BLBLR1I,Spectra - S2 Plus Electric Breast Milk Pump for Baby Feeding - Convenient Breast Feeding Support,1,7
B00BLBLR1I,Spectra - S2 Plus Electric Breast Milk Pump for Baby Feeding - Convenient Breast Feeding Support,2,2
B00BLBLR1I,Spectra - S2 Plus Electric Breast Milk Pump for Baby Feeding - Convenient Breast Feeding Support,3,4
B00BLBLR1I,Spectra - S2 Plus Electric Breast Milk Pump for Baby Feeding - Convenient Breast Feeding Support,4,9
B00BLBLR1I,Spectra - S2 Plus Electric Breast Milk Pump for Baby Feeding - Convenient Breast Feeding Support,5,78
B00MJLIW4O,Spectra - 9 Plus Portable Electric Breast Milk Pump for Baby Feeding,1,8
B00MJLIW4O,Spectra - 9 Plus Portable Electric Breast Milk Pump for Baby Feeding,2,5
B00MJLIW4O,Spectra - 9 Plus Portable Electric Breast Milk Pump for Baby Feeding,3,8
B00MJLIW4O,Spectra - 9 Plus Portable Electric Breast Milk Pump for Baby Feeding,4,19
B00MJLIW4O,Spectra - 9 Plus Portable Electric Breast Milk Pump for Baby Feeding,5,60
B0CX3B21YK,"BabyBuddha Breast Pump 2.0, Wearable Electric Breastfeeding Pump with Soft Stimulation Mode, Portable, Hands-Free Milk Extractor, Hospital Grade, 3 Modes, 21 Suction Levels, 22 to 24mm Flange",1,14
B0CX3B21YK,"BabyBuddha Breast Pump 2.0, Wearable Electric Breastfeeding Pump with Soft Stimulation Mode, Portable, Hands-Free Milk Extractor, Hospital Grade, 3 Modes, 21 Suction Levels, 22 to 24mm Flange",2,4
B0CX3B21YK,"BabyBuddha Breast Pump 2.0, Wearable Electric Breastfeeding Pump with Soft Stimulation Mode, Portable, Hands-Free Milk Extractor, Hospital Grade, 3 Modes, 21 Suction Levels, 22 to 24mm Flange",3,5
B0CX3B21YK,"BabyBuddha Breast Pump 2.0, Wearable Electric Breastfeeding Pump with Soft Stimulation Mode, Portable, Hands-Free Milk Extractor, Hospital Grade, 3 Modes, 21 Suction Levels, 22 to 24mm Flange",4,10
B0CX3B21YK,"BabyBuddha Breast Pump 2.0, Wearable Electric Breastfeeding Pump with Soft Stimulation Mode, Portable, Hands-Free Milk Extractor, Hospital Grade, 3 Modes, 21 Suction Levels, 22 to 24mm Flange",5,67
B0CYZD34VF,"eufy Heated Wearable Breast Pump S1, Hands-Free Breast Pump with Industry-Leading HeatFlow Tech, App-Controlled OptiRhythm, Hospital-Grade Suction, Leakproof, Slim and Ultra-Quiet for in-Bra Use",1,8
B0CYZD34VF,"eufy Heated Wearable Breast Pump S1, Hands-Free Breast Pump with Industry-Leading HeatFlow Tech, App-Controlled OptiRhythm, Hospital-Grade Suction, Leakproof, Slim and Ultra-Quiet for in-Bra Use",2,6
B0CYZD34VF,"eufy Heated Wearable Breast Pump S1, Hands-Free Breast Pump with Industry-Leading HeatFlow Tech, App-Controlled OptiRhythm, Hospital-Grade Suction, Leakproof, Slim and Ultra-Quiet for in-Bra Use",3,5
B0CYZD34VF,"eufy Heated Wearable Breast Pump S1, Hands-Free Breast Pump with Industry-Leading HeatFlow Tech, App-Controlled OptiRhythm, Hospital-Grade Suction, Leakproof, Slim and Ultra-Quiet for in-Bra Use",4,11
B0CYZD34VF,"eufy Heated Wearable Breast Pump S1, Hands-Free Breast Pump with Industry-Leading HeatFlow Tech, App-Controlled OptiRhythm, Hospital-Grade Suction, Leakproof, Slim and Ultra-Quiet for in-Bra Use",5,70
B0CVJZHVCR,"Spectra - S2 Plus Electric Breast Milk Pump with Tote Bag, Bottles and Cooler for Baby Feeding",1,0
B0CVJZHVCR,"Spectra - S2 Plus Electric Breast Milk Pump with Tote Bag, Bottles and Cooler for Baby Feeding",2,0
B0CVJZHVCR,"Spectra - S2 Plus Electric Breast Milk Pump with Tote Bag, Bottles and Cooler for Baby Feeding",3,0
B0CVJZHVCR,"Spectra - S2 Plus Electric Breast Milk Pump with Tote Bag, Bottles and Cooler for Baby Feeding",4,18
B0CVJZHVCR,"Spectra - S2 Plus Electric Breast Milk Pump with Tote Bag, Bottles and Cooler for Baby Feeding",5,82
B0DT4XNVXH,"Motif Medical Aura Glow Hands-Free Breast Pump for Breastfeeding - Portable Breast Pump w/Inbuilt Nightlight & 2 Bra Strap Adjusters - Lightweight, Wireless Hospital Grade Pump w/ 5 Flange Sizes",1,11
B0DT4XNVXH,"Motif Medical Aura Glow Hands-Free Breast Pump for Breastfeeding - Portable Breast Pump w/Inbuilt Nightlight & 2 Bra Strap Adjusters - Lightweight, Wireless Hospital Grade Pump w/ 5 Flange Sizes",2,4
B0DT4XNVXH,"Motif Medical Aura Glow Hands-Free Breast Pump for Breastfeeding - Portable Breast Pump w/Inbuilt Nightlight & 2 Bra Strap Adjusters - Lightweight, Wireless Hospital Grade Pump w/ 5 Flange Sizes",3,12
B0DT4XNVXH,"Motif Medical Aura Glow Hands-Free Breast Pump for Breastfeeding - Portable Breast Pump w/Inbuilt Nightlight & 2 Bra Strap Adjusters - Lightweight, Wireless Hospital Grade Pump w/ 5 Flange Sizes",4,35
B0DT4XNVXH,"Motif Medical Aura Glow Hands-Free Breast Pump for Breastfeeding - Portable Breast Pump w/Inbuilt Nightlight & 2 Bra Strap Adjusters - Lightweight, Wireless Hospital Grade Pump w/ 5 Flange Sizes",5,38
B092KCQWYH,Spectra - Synergy Gold Dual Adjustable Electric Breast Pump - Breastfeeding Essential,1,11
B092KCQWYH,Spectra - Synergy Gold Dual Adjustable Electric Breast Pump - Breastfeeding Essential,2,2
B092KCQWYH,Spectra - Synergy Gold Dual Adjustable Electric Breast Pump - Breastfeeding Essential,3,6
B092KCQWYH,Spectra - Synergy Gold Dual Adjustable Electric Breast Pump - Breastfeeding Essential,4,8
B092KCQWYH,Spectra - Synergy Gold Dual Adjustable Electric Breast Pump - Breastfeeding Essential,5,73
