month-year,year,advertiser,brand root,category level 2,category level 3,category level 8,channel,placement,publisher,impressions,spend (usd)
Apr 2024,2024,"Aeroflow, Inc.","Aeroflow, Inc.",Shopping,Family & Parenting Shopping,Maternity & Nursing,Facebook,Feed,Facebook,60470584,433654.16000000003
Apr 2024,2024,"Aeroflow, Inc.","Aeroflow, Inc.",Shopping,Family & Parenting Shopping,Maternity & Nursing,Facebook,Other,Facebook,29535850,205864.86
Apr 2024,2024,"Aeroflow, Inc.","Aeroflow, Inc.",Shopping,Family & Parenting Shopping,Maternity & Nursing,Facebook,Reels,Facebook,4854742,34595.32
Apr 2024,2024,"Aeroflow, Inc.","Aeroflow, Inc.",Shopping,Family & Parenting Shopping,Maternity & Nursing,Instagram,Feed,Instagram,1924173,13224.11
Apr 2024,2024,"Aeroflow, Inc.","Aeroflow, Inc.",Shopping,Family & Parenting Shopping,Maternity & Nursing,Instagram,Reels,Instagram,298354,2051.7400000000002
Apr 2024,2024,"Aeroflow, Inc.","Aeroflow, Inc.",Shopping,Family & Parenting Shopping,Maternity & Nursing,Instagram,Stories,Instagram,145303,1001.63
Apr 2024,2024,"Babylist, Inc","Babylist, Inc",Lifestyle & Services,Lifestyle & Services,Lifestyle & Services,Facebook,Feed,Facebook,5121280,38138.6
Apr 2024,2024,"Babylist, Inc","Babylist, Inc",Lifestyle & Services,Lifestyle & Services,Lifestyle & Services,Facebook,Reels,Facebook,150635,1128.15
Apr 2024,2024,"Babylist, Inc","Babylist, Inc",Lifestyle & Services,Lifestyle & Services,Lifestyle & Services,Facebook,Stories,Facebook,38969,291.84
Apr 2024,2024,"Babylist, Inc","Babylist, Inc",Lifestyle & Services,Lifestyle & Services,Lifestyle & Services,Instagram,Feed,Instagram,175612,1209.71
Apr 2024,2024,"Babylist, Inc","Babylist, Inc",Lifestyle & Services,Lifestyle & Services,Lifestyle & Services,Instagram,Reels,Instagram,161253,1131.18
Apr 2024,2024,"Babylist, Inc","Babylist, Inc",Lifestyle & Services,Lifestyle & Services,Lifestyle & Services,Instagram,Stories,Instagram,127519,874.8
Apr 2024,2024,"Babylist, Inc","Babylist, Inc",Lifestyle & Services,Lifestyle & Services,Lifestyle & Services,TikTok,Feed,TikTok,875020,8702.87
Apr 2024,2024,"RGH ENTERPRISES, INC. (Edgepark Medical Supplies)","RGH ENTERPRISES, INC. (Edgepark Medical Supplies)",Health & Wellness,Health & Wellness,Health & Wellness,Facebook,Feed,Facebook,15212704,110533.85
Apr 2024,2024,"RGH ENTERPRISES, INC. (Edgepark Medical Supplies)","RGH ENTERPRISES, INC. (Edgepark Medical Supplies)",Health & Wellness,Health & Wellness,Health & Wellness,Facebook,Other,Facebook,2991486,20850.66
Apr 2024,2024,"RGH ENTERPRISES, INC. (Edgepark Medical Supplies)","RGH ENTERPRISES, INC. (Edgepark Medical Supplies)",Health & Wellness,Health & Wellness,Health & Wellness,Facebook,Reels,Facebook,1409278,10220.52
Apr 2024,2024,"RGH ENTERPRISES, INC. (Edgepark Medical Supplies)","RGH ENTERPRISES, INC. (Edgepark Medical Supplies)",Health & Wellness,Health & Wellness,Health & Wellness,Facebook,Stories,Facebook,274780,1956.45
Apr 2024,2024,"RGH ENTERPRISES, INC. (Edgepark Medical Supplies)","RGH ENTERPRISES, INC. (Edgepark Medical Supplies)",Health & Wellness,Health & Wellness,Health & Wellness,Instagram,Feed,Instagram,384768,2659.41
Apr 2025,2025,"Aeroflow, Inc.","Aeroflow, Inc.",Shopping,Family & Parenting Shopping,Maternity & Nursing,Facebook,Feed,Facebook,872776,5856.22
Apr 2025,2025,"Aeroflow, Inc.","Aeroflow, Inc.",Shopping,Family & Parenting Shopping,Maternity & Nursing,Instagram,Feed,Instagram,17259,139.43
Apr 2025,2025,"Aeroflow, Inc.","Aeroflow, Inc.",Shopping,Family & Parenting Shopping,Maternity & Nursing,Instagram,Stories,Instagram,102798,813.5
Apr 2025,2025,"Babylist, Inc","Babylist, Inc",Lifestyle & Services,Lifestyle & Services,Lifestyle & Services,Desktop Display,Other,YouTube,7652,72.34
Apr 2025,2025,"Babylist, Inc","Babylist, Inc",Lifestyle & Services,Lifestyle & Services,Lifestyle & Services,Facebook,Feed,Facebook,124013717,858221.38
Apr 2025,2025,"Babylist, Inc","Babylist, Inc",Lifestyle & Services,Lifestyle & Services,Lifestyle & Services,Facebook,Marketplace,Facebook,8029399,53954.28
Apr 2025,2025,"Babylist, Inc","Babylist, Inc",Lifestyle & Services,Lifestyle & Services,Lifestyle & Services,Facebook,Other,Facebook,2800254,18700.32
Apr 2025,2025,"Babylist, Inc","Babylist, Inc",Lifestyle & Services,Lifestyle & Services,Lifestyle & Services,Facebook,Reels,Facebook,12760109,88270.34
Apr 2025,2025,"Babylist, Inc","Babylist, Inc",Lifestyle & Services,Lifestyle & Services,Lifestyle & Services,Facebook,Stories,Facebook,688164,4690.46
Apr 2025,2025,"Babylist, Inc","Babylist, Inc",Lifestyle & Services,Lifestyle & Services,Lifestyle & Services,Instagram,Feed,Instagram,798273,6094.21
Apr 2025,2025,"Babylist, Inc","Babylist, Inc",Lifestyle & Services,Lifestyle & Services,Lifestyle & Services,Instagram,Reels,Instagram,1505287,11429.12
Apr 2025,2025,"Babylist, Inc","Babylist, Inc",Lifestyle & Services,Lifestyle & Services,Lifestyle & Services,Instagram,Stories,Instagram,1913068,15290.650000000001
Apr 2025,2025,"Babylist, Inc","Babylist, Inc",Lifestyle & Services,Lifestyle & Services,Lifestyle & Services,YouTube,In-Stream,YouTube,545729,785.39
Apr 2025,2025,"Byram Healthcare Centers, Inc.","Byram Healthcare Centers, Inc.",Health & Wellness,Health & Wellness,Health & Wellness,Desktop Display,Other,buzzfeed.com,53202,163.5
Apr 2025,2025,"Byram Healthcare Centers, Inc.","Byram Healthcare Centers, Inc.",Health & Wellness,Health & Wellness,Health & Wellness,Desktop Display,Other,espn.com (Disney),23927,145.21
Apr 2025,2025,"Byram Healthcare Centers, Inc.","Byram Healthcare Centers, Inc.",Health & Wellness,Health & Wellness,Health & Wellness,Desktop Display,Other,slickdeals.net,4728,23.95
Apr 2025,2025,"Byram Healthcare Centers, Inc.","Byram Healthcare Centers, Inc.",Health & Wellness,Health & Wellness,Health & Wellness,Desktop Display,Other,usnews.com,14090,50.82
Apr 2025,2025,"Byram Healthcare Centers, Inc.","Byram Healthcare Centers, Inc.",Health & Wellness,Health & Wellness,Health & Wellness,Facebook,Feed,Facebook,369633,2508.01
Apr 2025,2025,"RGH ENTERPRISES, INC. (Edgepark Medical Supplies)","RGH ENTERPRISES, INC. (Edgepark Medical Supplies)",Health & Wellness,Health & Wellness,Health & Wellness,Instagram,Feed,Instagram,1570579,11147.07
Apr 2025,2025,"RGH ENTERPRISES, INC. (Edgepark Medical Supplies)","RGH ENTERPRISES, INC. (Edgepark Medical Supplies)",Health & Wellness,Health & Wellness,Health & Wellness,Instagram,Reels,Instagram,574458,4007.5699999999997
Apr 2025,2025,"RGH ENTERPRISES, INC. (Edgepark Medical Supplies)","RGH ENTERPRISES, INC. (Edgepark Medical Supplies)",Health & Wellness,Health & Wellness,Health & Wellness,Instagram,Stories,Instagram,135362,959.92
Aug 2024,2024,"Aeroflow, Inc.","Aeroflow, Inc.",Shopping,Family & Parenting Shopping,Maternity & Nursing,Facebook,Feed,Facebook,303202,2215.85
Aug 2024,2024,"Aeroflow, Inc.","Aeroflow, Inc.",Shopping,Family & Parenting Shopping,Maternity & Nursing,Facebook,Reels,Facebook,267386,1947.19
Aug 2024,2024,"Aeroflow, Inc.","Aeroflow, Inc.",Shopping,Family & Parenting Shopping,Maternity & Nursing,Instagram,Feed,Instagram,22853,161.92
Aug 2024,2024,"Babylist, Inc","Babylist, Inc",Lifestyle & Services,Lifestyle & Services,Lifestyle & Services,Facebook,Feed,Facebook,47120014,341604.45
Aug 2024,2024,"Babylist, Inc","Babylist, Inc",Lifestyle & Services,Lifestyle & Services,Lifestyle & Services,Facebook,Reels,Facebook,5345856,38987.76
Aug 2024,2024,"Babylist, Inc","Babylist, Inc",Lifestyle & Services,Lifestyle & Services,Lifestyle & Services,Facebook,Stories,Facebook,616498,4468.48
Aug 2024,2024,"Babylist, Inc","Babylist, Inc",Lifestyle & Services,Lifestyle & Services,Lifestyle & Services,Instagram,Feed,Instagram,21747,160.63
Aug 2024,2024,"Babylist, Inc","Babylist, Inc",Lifestyle & Services,Lifestyle & Services,Lifestyle & Services,Instagram,Reels,Instagram,43305,319.86
Aug 2024,2024,"Babylist, Inc","Babylist, Inc",Lifestyle & Services,Lifestyle & Services,Lifestyle & Services,TikTok,Feed,TikTok,44569247,445862.31
Aug 2024,2024,"Byram Healthcare Centers, Inc.","Byram Healthcare Centers, Inc.",Health & Wellness,Health & Wellness,Health & Wellness,Facebook,Feed,Facebook,459441,3330.1
Aug 2024,2024,"Byram Healthcare Centers, Inc.","Byram Healthcare Centers, Inc.",Health & Wellness,Health & Wellness,Health & Wellness,Instagram,Reels,Instagram,21919,155.31
Aug 2024,2024,"RGH ENTERPRISES, INC. (Edgepark Medical Supplies)","RGH ENTERPRISES, INC. (Edgepark Medical Supplies)",Health & Wellness,Health & Wellness,Health & Wellness,Instagram,Stories,Instagram,85256,629.72
Dec 2024,2024,"Aeroflow, Inc.","Aeroflow, Inc.",Shopping,Family & Parenting Shopping,Maternity & Nursing,Facebook,Reels,Facebook,417844,3294.94
Dec 2024,2024,"Aeroflow, Inc.","Aeroflow, Inc.",Shopping,Family & Parenting Shopping,Maternity & Nursing,Instagram,Feed,Instagram,1588728,14253.16
Dec 2024,2024,"Aeroflow, Inc.","Aeroflow, Inc.",Shopping,Family & Parenting Shopping,Maternity & Nursing,Instagram,Reels,Instagram,2110621,18840.58
Dec 2024,2024,"Aeroflow, Inc.","Aeroflow, Inc.",Shopping,Family & Parenting Shopping,Maternity & Nursing,Instagram,Stories,Instagram,430288,3825.52
Dec 2024,2024,"Babylist, Inc","Babylist, Inc",Lifestyle & Services,Lifestyle & Services,Lifestyle & Services,Facebook,Ads on Reel,Facebook,32740576,261743.68
Dec 2024,2024,"Babylist, Inc","Babylist, Inc",Lifestyle & Services,Lifestyle & Services,Lifestyle & Services,Facebook,Feed,Facebook,45930293,367116.02999999997
Dec 2024,2024,"Babylist, Inc","Babylist, Inc",Lifestyle & Services,Lifestyle & Services,Lifestyle & Services,Facebook,Marketplace,Facebook,3559665,28505.78
Dec 2024,2024,"Babylist, Inc","Babylist, Inc",Lifestyle & Services,Lifestyle & Services,Lifestyle & Services,Facebook,Other,Facebook,81469,656.65
Dec 2024,2024,"Babylist, Inc","Babylist, Inc",Lifestyle & Services,Lifestyle & Services,Lifestyle & Services,Facebook,Reels,Facebook,5798757,46411.28
Dec 2024,2024,"Babylist, Inc","Babylist, Inc",Lifestyle & Services,Lifestyle & Services,Lifestyle & Services,Facebook,Stories,Facebook,1794477,14188.119999999999
Dec 2024,2024,"Babylist, Inc","Babylist, Inc",Lifestyle & Services,Lifestyle & Services,Lifestyle & Services,Instagram,Feed,Instagram,593641,5367.09
Dec 2024,2024,"Babylist, Inc","Babylist, Inc",Lifestyle & Services,Lifestyle & Services,Lifestyle & Services,Instagram,Reels,Instagram,1659399,14806.849999999999
Dec 2024,2024,"Babylist, Inc","Babylist, Inc",Lifestyle & Services,Lifestyle & Services,Lifestyle & Services,Instagram,Stories,Instagram,448274,4064.1
Dec 2024,2024,"Babylist, Inc","Babylist, Inc",Lifestyle & Services,Lifestyle & Services,Lifestyle & Services,TikTok,Feed,TikTok,22666029,258835.00000000003
Dec 2024,2024,"RGH ENTERPRISES, INC. (Edgepark Medical Supplies)","RGH ENTERPRISES, INC. (Edgepark Medical Supplies)",Health & Wellness,Health & Wellness,Health & Wellness,Desktop Display,Other,lancasteronline.com,271215,2411.08
Dec 2024,2024,"RGH ENTERPRISES, INC. (Edgepark Medical Supplies)","RGH ENTERPRISES, INC. (Edgepark Medical Supplies)",Health & Wellness,Health & Wellness,Health & Wellness,Desktop Display,Other,lexiscleankitchen.com,576,1.77
Dec 2024,2024,"RGH ENTERPRISES, INC. (Edgepark Medical Supplies)","RGH ENTERPRISES, INC. (Edgepark Medical Supplies)",Health & Wellness,Health & Wellness,Health & Wellness,Facebook,Feed,Facebook,201770,1593.07
Dec 2024,2024,"RGH ENTERPRISES, INC. (Edgepark Medical Supplies)","RGH ENTERPRISES, INC. (Edgepark Medical Supplies)",Health & Wellness,Health & Wellness,Health & Wellness,Instagram,Stories,Instagram,84310,659.01
Feb 2024,2024,"Aeroflow, Inc.","Aeroflow, Inc.",Shopping,Family & Parenting Shopping,Maternity & Nursing,Facebook,Other,Facebook,60414244,421087.29000000004
Feb 2024,2024,"Aeroflow, Inc.","Aeroflow, Inc.",Shopping,Family & Parenting Shopping,Maternity & Nursing,Instagram,Feed,Instagram,14505534,99507.95999999999
Feb 2024,2024,"Aeroflow, Inc.","Aeroflow, Inc.",Shopping,Family & Parenting Shopping,Maternity & Nursing,Instagram,Stories,Instagram,8453614,57991.799999999996
Feb 2024,2024,"Babylist, Inc","Babylist, Inc",Lifestyle & Services,Lifestyle & Services,Lifestyle & Services,Desktop Display,Other,YouTube,47146,445.61
Feb 2024,2024,"Babylist, Inc","Babylist, Inc",Lifestyle & Services,Lifestyle & Services,Lifestyle & Services,Facebook,Other,Facebook,85938596,598992.04
Feb 2024,2024,"Babylist, Inc","Babylist, Inc",Lifestyle & Services,Lifestyle & Services,Lifestyle & Services,Instagram,Feed,Instagram,3810411,26139.420000000002
Feb 2024,2024,"Babylist, Inc","Babylist, Inc",Lifestyle & Services,Lifestyle & Services,Lifestyle & Services,Instagram,Stories,Instagram,231642,1589.0600000000002
Feb 2024,2024,"Babylist, Inc","Babylist, Inc",Lifestyle & Services,Lifestyle & Services,Lifestyle & Services,TikTok,Feed,TikTok,1332979,13263.150000000001
Feb 2024,2024,"Babylist, Inc","Babylist, Inc",Lifestyle & Services,Lifestyle & Services,Lifestyle & Services,YouTube,In-Stream,YouTube,22173,33.26
Feb 2024,2024,"RGH ENTERPRISES, INC. (Edgepark Medical Supplies)","RGH ENTERPRISES, INC. (Edgepark Medical Supplies)",Health & Wellness,Health & Wellness,Health & Wellness,Desktop Display,Other,trackwrestling.com,17282,227.95
Feb 2024,2024,"RGH ENTERPRISES, INC. (Edgepark Medical Supplies)","RGH ENTERPRISES, INC. (Edgepark Medical Supplies)",Health & Wellness,Health & Wellness,Health & Wellness,Desktop Display,Other,typing.com,56767,166.25
Feb 2024,2024,"RGH ENTERPRISES, INC. (Edgepark Medical Supplies)","RGH ENTERPRISES, INC. (Edgepark Medical Supplies)",Health & Wellness,Health & Wellness,Health & Wellness,Facebook,Other,Facebook,30525026,212759.43
Feb 2024,2024,"RGH ENTERPRISES, INC. (Edgepark Medical Supplies)","RGH ENTERPRISES, INC. (Edgepark Medical Supplies)",Health & Wellness,Health & Wellness,Health & Wellness,Instagram,Feed,Instagram,79668,546.52
Feb 2025,2025,"Aeroflow, Inc.","Aeroflow, Inc.",Shopping,Family & Parenting Shopping,Maternity & Nursing,Facebook,Ads on Reel,Facebook,91175,720.47
Feb 2025,2025,"Aeroflow, Inc.","Aeroflow, Inc.",Shopping,Family & Parenting Shopping,Maternity & Nursing,Facebook,Feed,Facebook,206009857,1526195.65
Feb 2025,2025,"Aeroflow, Inc.","Aeroflow, Inc.",Shopping,Family & Parenting Shopping,Maternity & Nursing,Facebook,Other,Facebook,37356255,260373.09
Feb 2025,2025,"Aeroflow, Inc.","Aeroflow, Inc.",Shopping,Family & Parenting Shopping,Maternity & Nursing,Facebook,Reels,Facebook,5292109,38760.740000000005
Feb 2025,2025,"Aeroflow, Inc.","Aeroflow, Inc.",Shopping,Family & Parenting Shopping,Maternity & Nursing,Facebook,Stories,Facebook,2578276,19488.41
Feb 2025,2025,"Aeroflow, Inc.","Aeroflow, Inc.",Shopping,Family & Parenting Shopping,Maternity & Nursing,Instagram,Feed,Instagram,20218417,155845.24
Feb 2025,2025,"Aeroflow, Inc.","Aeroflow, Inc.",Shopping,Family & Parenting Shopping,Maternity & Nursing,Instagram,Reels,Instagram,13670460,106316.97
Feb 2025,2025,"Aeroflow, Inc.","Aeroflow, Inc.",Shopping,Family & Parenting Shopping,Maternity & Nursing,Instagram,Stories,Instagram,1050634,8533.02
Feb 2025,2025,"Babylist, Inc","Babylist, Inc",Lifestyle & Services,Lifestyle & Services,Lifestyle & Services,Facebook,Ads on Reel,Facebook,40300,324.82
Feb 2025,2025,"Babylist, Inc","Babylist, Inc",Lifestyle & Services,Lifestyle & Services,Lifestyle & Services,Facebook,Feed,Facebook,226883963,1675930.8399999999
Feb 2025,2025,"Babylist, Inc","Babylist, Inc",Lifestyle & Services,Lifestyle & Services,Lifestyle & Services,Facebook,Marketplace,Facebook,1585381,11512.62
Feb 2025,2025,"Babylist, Inc","Babylist, Inc",Lifestyle & Services,Lifestyle & Services,Lifestyle & Services,Facebook,Other,Facebook,234287,1693.03
Feb 2025,2025,"Babylist, Inc","Babylist, Inc",Lifestyle & Services,Lifestyle & Services,Lifestyle & Services,Facebook,Reels,Facebook,17851661,130208.57
Feb 2025,2025,"Babylist, Inc","Babylist, Inc",Lifestyle & Services,Lifestyle & Services,Lifestyle & Services,Facebook,Stories,Facebook,1293991,9350.87
Feb 2025,2025,"Babylist, Inc","Babylist, Inc",Lifestyle & Services,Lifestyle & Services,Lifestyle & Services,Instagram,Feed,Instagram,728917,5888.81
Feb 2025,2025,"Babylist, Inc","Babylist, Inc",Lifestyle & Services,Lifestyle & Services,Lifestyle & Services,Instagram,Reels,Instagram,320271,2587.44
Feb 2025,2025,"Babylist, Inc","Babylist, Inc",Lifestyle & Services,Lifestyle & Services,Lifestyle & Services,Instagram,Stories,Instagram,4336628,36634.409999999996
Feb 2025,2025,"Babylist, Inc","Babylist, Inc",Lifestyle & Services,Lifestyle & Services,Lifestyle & Services,TikTok,Feed,TikTok,1270451,12308.81
Feb 2025,2025,"Babylist, Inc","Babylist, Inc",Lifestyle & Services,Lifestyle & Services,Lifestyle & Services,YouTube,In-Stream,YouTube,318911,2903.0099999999998
Feb 2025,2025,"Byram Healthcare Centers, Inc.","Byram Healthcare Centers, Inc.",Health & Wellness,Health & Wellness,Health & Wellness,Facebook,Feed,Facebook,840658,6104.68
Feb 2025,2025,"Byram Healthcare Centers, Inc.","Byram Healthcare Centers, Inc.",Health & Wellness,Health & Wellness,Health & Wellness,Facebook,Reels,Facebook,162057,1199.26
Feb 2025,2025,"RGH ENTERPRISES, INC. (Edgepark Medical Supplies)","RGH ENTERPRISES, INC. (Edgepark Medical Supplies)",Health & Wellness,Health & Wellness,Health & Wellness,Facebook,Feed,Facebook,113831,888.75
Feb 2025,2025,"RGH ENTERPRISES, INC. (Edgepark Medical Supplies)","RGH ENTERPRISES, INC. (Edgepark Medical Supplies)",Health & Wellness,Health & Wellness,Health & Wellness,Facebook,Reels,Facebook,198925,1603.35
Feb 2025,2025,"RGH ENTERPRISES, INC. (Edgepark Medical Supplies)","RGH ENTERPRISES, INC. (Edgepark Medical Supplies)",Health & Wellness,Health & Wellness,Health & Wellness,Instagram,Feed,Instagram,19464,177.0
Feb 2025,2025,"RGH ENTERPRISES, INC. (Edgepark Medical Supplies)","RGH ENTERPRISES, INC. (Edgepark Medical Supplies)",Health & Wellness,Health & Wellness,Health & Wellness,Instagram,Reels,Instagram,17946,144.99
Jan 2024,2024,"Aeroflow, Inc.","Aeroflow, Inc.",Shopping,Family & Parenting Shopping,Maternity & Nursing,Desktop Display,Other,thebump.com,9250,81.71
Jan 2024,2024,"Aeroflow, Inc.","Aeroflow, Inc.",Shopping,Family & Parenting Shopping,Maternity & Nursing,Facebook,Feed,Facebook,2342208,16325.2
Jan 2024,2024,"Aeroflow, Inc.","Aeroflow, Inc.",Shopping,Family & Parenting Shopping,Maternity & Nursing,Facebook,Other,Facebook,35872895,250034.09
Jan 2024,2024,"Aeroflow, Inc.","Aeroflow, Inc.",Shopping,Family & Parenting Shopping,Maternity & Nursing,Instagram,Feed,Instagram,72502,497.36
Jan 2024,2024,"Aeroflow, Inc.","Aeroflow, Inc.",Shopping,Family & Parenting Shopping,Maternity & Nursing,Instagram,Reels,Instagram,27252,186.95
Jan 2024,2024,"Aeroflow, Inc.","Aeroflow, Inc.",Shopping,Family & Parenting Shopping,Maternity & Nursing,Instagram,Stories,Instagram,109008,747.7900000000001
Jan 2024,2024,"Aeroflow, Inc.","Aeroflow, Inc.",Shopping,Family & Parenting Shopping,Maternity & Nursing,YouTube,In-Stream,YouTube,26440,198.32
Jan 2024,2024,"Babylist, Inc","Babylist, Inc",Lifestyle & Services,Lifestyle & Services,Lifestyle & Services,Facebook,Feed,Facebook,1700242,11850.69
Jan 2024,2024,"Babylist, Inc","Babylist, Inc",Lifestyle & Services,Lifestyle & Services,Lifestyle & Services,Facebook,Other,Facebook,22257801,155136.88
Jan 2024,2024,"Babylist, Inc","Babylist, Inc",Lifestyle & Services,Lifestyle & Services,Lifestyle & Services,Instagram,Feed,Instagram,579553,3975.7400000000002
Jan 2024,2024,"Babylist, Inc","Babylist, Inc",Lifestyle & Services,Lifestyle & Services,Lifestyle & Services,Instagram,Stories,Instagram,13626,93.47
Jan 2024,2024,"Babylist, Inc","Babylist, Inc",Lifestyle & Services,Lifestyle & Services,Lifestyle & Services,TikTok,Feed,TikTok,828547,8244.04
Jan 2024,2024,"RGH ENTERPRISES, INC. (Edgepark Medical Supplies)","RGH ENTERPRISES, INC. (Edgepark Medical Supplies)",Health & Wellness,Health & Wellness,Health & Wellness,Facebook,Feed,Facebook,299172,2085.24
Jan 2024,2024,"RGH ENTERPRISES, INC. (Edgepark Medical Supplies)","RGH ENTERPRISES, INC. (Edgepark Medical Supplies)",Health & Wellness,Health & Wellness,Health & Wellness,Facebook,Other,Facebook,8056743,56155.520000000004
Jan 2025,2025,"Aeroflow, Inc.","Aeroflow, Inc.",Shopping,Family & Parenting Shopping,Maternity & Nursing,Facebook,Feed,Facebook,52105006,402072.62
Jan 2025,2025,"Aeroflow, Inc.","Aeroflow, Inc.",Shopping,Family & Parenting Shopping,Maternity & Nursing,Facebook,Other,Facebook,171520,1382.46
Jan 2025,2025,"Aeroflow, Inc.","Aeroflow, Inc.",Shopping,Family & Parenting Shopping,Maternity & Nursing,Facebook,Reels,Facebook,3671601,28591.77
Jan 2025,2025,"Aeroflow, Inc.","Aeroflow, Inc.",Shopping,Family & Parenting Shopping,Maternity & Nursing,Facebook,Stories,Facebook,42814,338.32
Jan 2025,2025,"Aeroflow, Inc.","Aeroflow, Inc.",Shopping,Family & Parenting Shopping,Maternity & Nursing,Instagram,Feed,Instagram,54524,440.49
Jan 2025,2025,"Babylist, Inc","Babylist, Inc",Lifestyle & Services,Lifestyle & Services,Lifestyle & Services,Desktop Display,Other,whattoexpect.com,50978,107.02
Jan 2025,2025,"Babylist, Inc","Babylist, Inc",Lifestyle & Services,Lifestyle & Services,Lifestyle & Services,Facebook,Ads on Reel,Facebook,1648000,13236.8
Jan 2025,2025,"Babylist, Inc","Babylist, Inc",Lifestyle & Services,Lifestyle & Services,Lifestyle & Services,Facebook,Feed,Facebook,148852061,1115940.3900000001
Jan 2025,2025,"Babylist, Inc","Babylist, Inc",Lifestyle & Services,Lifestyle & Services,Lifestyle & Services,Facebook,Marketplace,Facebook,5982025,45168.630000000005
Jan 2025,2025,"Babylist, Inc","Babylist, Inc",Lifestyle & Services,Lifestyle & Services,Lifestyle & Services,Facebook,Other,Facebook,162925,1207.81
Jan 2025,2025,"Babylist, Inc","Babylist, Inc",Lifestyle & Services,Lifestyle & Services,Lifestyle & Services,Facebook,Reels,Facebook,23803669,176702.59
Jan 2025,2025,"Babylist, Inc","Babylist, Inc",Lifestyle & Services,Lifestyle & Services,Lifestyle & Services,Facebook,Stories,Facebook,1035255,7833.25
Jan 2025,2025,"Babylist, Inc","Babylist, Inc",Lifestyle & Services,Lifestyle & Services,Lifestyle & Services,Instagram,Feed,Instagram,11668902,100195.01000000001
Jan 2025,2025,"Babylist, Inc","Babylist, Inc",Lifestyle & Services,Lifestyle & Services,Lifestyle & Services,Instagram,Reels,Instagram,28198935,229965.29
Jan 2025,2025,"Babylist, Inc","Babylist, Inc",Lifestyle & Services,Lifestyle & Services,Lifestyle & Services,Instagram,Stories,Instagram,6277435,52991.57
Jan 2025,2025,"Babylist, Inc","Babylist, Inc",Lifestyle & Services,Lifestyle & Services,Lifestyle & Services,TikTok,Feed,TikTok,10512469,109080.74
Jan 2025,2025,"Babylist, Inc","Babylist, Inc",Lifestyle & Services,Lifestyle & Services,Lifestyle & Services,YouTube,In-Stream,YouTube,14986,21.0
Jan 2025,2025,"Byram Healthcare Centers, Inc.","Byram Healthcare Centers, Inc.",Health & Wellness,Health & Wellness,Health & Wellness,Instagram,Feed,Instagram,154305,1319.44
Jan 2025,2025,"Byram Healthcare Centers, Inc.","Byram Healthcare Centers, Inc.",Health & Wellness,Health & Wellness,Health & Wellness,Instagram,Reels,Instagram,17704,143.03
Jan 2025,2025,"Byram Healthcare Centers, Inc.","Byram Healthcare Centers, Inc.",Health & Wellness,Health & Wellness,Health & Wellness,YouTube,In-Stream,YouTube,43991,61.64
Jul 2024,2024,"Aeroflow, Inc.","Aeroflow, Inc.",Shopping,Family & Parenting Shopping,Maternity & Nursing,Facebook,Feed,Facebook,8308333,60406.12
Jul 2024,2024,"Aeroflow, Inc.","Aeroflow, Inc.",Shopping,Family & Parenting Shopping,Maternity & Nursing,Facebook,Reels,Facebook,844011,6117.55
Jul 2024,2024,"Babylist, Inc","Babylist, Inc",Lifestyle & Services,Lifestyle & Services,Lifestyle & Services,Desktop Display,Other,greencarreports.com,1552,4.83
Jul 2024,2024,"Babylist, Inc","Babylist, Inc",Lifestyle & Services,Lifestyle & Services,Lifestyle & Services,Desktop Display,Other,rare.us (Cox Enterprises),49957,205.19
Jul 2024,2024,"Babylist, Inc","Babylist, Inc",Lifestyle & Services,Lifestyle & Services,Lifestyle & Services,Desktop Display,Other,scoopnest.com,9888,29.74
Jul 2024,2024,"Babylist, Inc","Babylist, Inc",Lifestyle & Services,Lifestyle & Services,Lifestyle & Services,Desktop Display,Other,the-sun.com,45031,133.67
Jul 2024,2024,"Babylist, Inc","Babylist, Inc",Lifestyle & Services,Lifestyle & Services,Lifestyle & Services,Desktop Display,Other,theprint.in,1956,6.09
Jul 2024,2024,"Babylist, Inc","Babylist, Inc",Lifestyle & Services,Lifestyle & Services,Lifestyle & Services,Desktop Display,Other,wchstv.com,4216,12.67
Jul 2024,2024,"Babylist, Inc","Babylist, Inc",Lifestyle & Services,Lifestyle & Services,Lifestyle & Services,Facebook,Feed,Facebook,56124814,410467.07
Jul 2024,2024,"Babylist, Inc","Babylist, Inc",Lifestyle & Services,Lifestyle & Services,Lifestyle & Services,Facebook,Reels,Facebook,7439603,54341.479999999996
Jul 2024,2024,"Babylist, Inc","Babylist, Inc",Lifestyle & Services,Lifestyle & Services,Lifestyle & Services,Facebook,Stories,Facebook,348512,2545.12
Jul 2024,2024,"Babylist, Inc","Babylist, Inc",Lifestyle & Services,Lifestyle & Services,Lifestyle & Services,Instagram,Feed,Instagram,44264,326.94
Jul 2024,2024,"Babylist, Inc","Babylist, Inc",Lifestyle & Services,Lifestyle & Services,Lifestyle & Services,Instagram,Reels,Instagram,21474,158.61
Jul 2024,2024,"Babylist, Inc","Babylist, Inc",Lifestyle & Services,Lifestyle & Services,Lifestyle & Services,Instagram,Stories,Instagram,42640,314.95
Jul 2024,2024,"Babylist, Inc","Babylist, Inc",Lifestyle & Services,Lifestyle & Services,Lifestyle & Services,TikTok,Feed,TikTok,4125535,41744.17
Jul 2024,2024,"Byram Healthcare Centers, Inc.","Byram Healthcare Centers, Inc.",Health & Wellness,Health & Wellness,Health & Wellness,Facebook,Feed,Facebook,38574,279.59
Jul 2024,2024,"Byram Healthcare Centers, Inc.","Byram Healthcare Centers, Inc.",Health & Wellness,Health & Wellness,Health & Wellness,Facebook,Reels,Facebook,76420,553.9
Jul 2024,2024,"RGH ENTERPRISES, INC. (Edgepark Medical Supplies)","RGH ENTERPRISES, INC. (Edgepark Medical Supplies)",Health & Wellness,Health & Wellness,Health & Wellness,Desktop Display,Other,citationmachine.net,5221,19.47
Jul 2024,2024,"RGH ENTERPRISES, INC. (Edgepark Medical Supplies)","RGH ENTERPRISES, INC. (Edgepark Medical Supplies)",Health & Wellness,Health & Wellness,Health & Wellness,Desktop Display,Other,thissavoryvegan.com,1063,3.13
Jul 2024,2024,"RGH ENTERPRISES, INC. (Edgepark Medical Supplies)","RGH ENTERPRISES, INC. (Edgepark Medical Supplies)",Health & Wellness,Health & Wellness,Health & Wellness,Facebook,Feed,Facebook,10626811,79502.51999999999
Jul 2024,2024,"RGH ENTERPRISES, INC. (Edgepark Medical Supplies)","RGH ENTERPRISES, INC. (Edgepark Medical Supplies)",Health & Wellness,Health & Wellness,Health & Wellness,Facebook,Reels,Facebook,928684,6955.1
Jul 2025,2025,"Aeroflow, Inc.","Aeroflow, Inc.",Shopping,Family & Parenting Shopping,Maternity & Nursing,Facebook,Feed,Facebook,63106427,444302.05
Jul 2025,2025,"Aeroflow, Inc.","Aeroflow, Inc.",Shopping,Family & Parenting Shopping,Maternity & Nursing,Facebook,Other,Facebook,511842,3543.4300000000003
Jul 2025,2025,"Aeroflow, Inc.","Aeroflow, Inc.",Shopping,Family & Parenting Shopping,Maternity & Nursing,Facebook,Reels,Facebook,25944086,186719.62
Jul 2025,2025,"Aeroflow, Inc.","Aeroflow, Inc.",Shopping,Family & Parenting Shopping,Maternity & Nursing,Facebook,Stories,Facebook,11163804,77166.59000000001
Jul 2025,2025,"Aeroflow, Inc.","Aeroflow, Inc.",Shopping,Family & Parenting Shopping,Maternity & Nursing,Instagram,Feed,Instagram,18383673,140092.33000000002
Jul 2025,2025,"Aeroflow, Inc.","Aeroflow, Inc.",Shopping,Family & Parenting Shopping,Maternity & Nursing,Instagram,Reels,Instagram,6664342,51613.26
Jul 2025,2025,"Aeroflow, Inc.","Aeroflow, Inc.",Shopping,Family & Parenting Shopping,Maternity & Nursing,Instagram,Stories,Instagram,41228879,324138.16
Jul 2025,2025,"Aeroflow, Inc.","Aeroflow, Inc.",Shopping,Family & Parenting Shopping,Maternity & Nursing,YouTube,In-Stream,YouTube,2481977,3811.85
Jul 2025,2025,"Babylist, Inc","Babylist, Inc",Lifestyle & Services,Lifestyle & Services,Lifestyle & Services,Desktop Display,Other,YouTube,4295,40.6
Jul 2025,2025,"Babylist, Inc","Babylist, Inc",Lifestyle & Services,Lifestyle & Services,Lifestyle & Services,Desktop Display,Other,babycenter.com,488168,2149.02
Jul 2025,2025,"Babylist, Inc","Babylist, Inc",Lifestyle & Services,Lifestyle & Services,Lifestyle & Services,Desktop Display,Other,whattoexpect.com,1320618,2772.48
Jul 2025,2025,"Babylist, Inc","Babylist, Inc",Lifestyle & Services,Lifestyle & Services,Lifestyle & Services,Facebook,Ads on Reel,Facebook,154577,1233.31
Jul 2025,2025,"Babylist, Inc","Babylist, Inc",Lifestyle & Services,Lifestyle & Services,Lifestyle & Services,Facebook,Feed,Facebook,445742119,3109373.04
Jul 2025,2025,"Babylist, Inc","Babylist, Inc",Lifestyle & Services,Lifestyle & Services,Lifestyle & Services,Facebook,Marketplace,Facebook,10385732,75068.81999999999
Jul 2025,2025,"Babylist, Inc","Babylist, Inc",Lifestyle & Services,Lifestyle & Services,Lifestyle & Services,Facebook,Other,Facebook,6734031,46927.96
Jul 2025,2025,"Babylist, Inc","Babylist, Inc",Lifestyle & Services,Lifestyle & Services,Lifestyle & Services,Facebook,Reels,Facebook,130202311,915362.03
Jul 2025,2025,"Babylist, Inc","Babylist, Inc",Lifestyle & Services,Lifestyle & Services,Lifestyle & Services,Facebook,Stories,Facebook,108340597,737513.15
Jul 2025,2025,"Babylist, Inc","Babylist, Inc",Lifestyle & Services,Lifestyle & Services,Lifestyle & Services,Instagram,Feed,Instagram,389007277,3027705.1
Jul 2025,2025,"Babylist, Inc","Babylist, Inc",Lifestyle & Services,Lifestyle & Services,Lifestyle & Services,Instagram,Reels,Instagram,95923670,758755.9199999999
Jul 2025,2025,"Babylist, Inc","Babylist, Inc",Lifestyle & Services,Lifestyle & Services,Lifestyle & Services,Instagram,Stories,Instagram,269309848,2103629.82
Jul 2025,2025,"Babylist, Inc","Babylist, Inc",Lifestyle & Services,Lifestyle & Services,Lifestyle & Services,TikTok,Feed,TikTok,36595402,382120.26
Jul 2025,2025,"Babylist, Inc","Babylist, Inc",Lifestyle & Services,Lifestyle & Services,Lifestyle & Services,YouTube,In-Stream,YouTube,4551956,42070.55
Jul 2025,2025,"Byram Healthcare Centers, Inc.","Byram Healthcare Centers, Inc.",Health & Wellness,Health & Wellness,Health & Wellness,Facebook,Ads on Reel,Facebook,37507,296.38
Jul 2025,2025,"Byram Healthcare Centers, Inc.","Byram Healthcare Centers, Inc.",Health & Wellness,Health & Wellness,Health & Wellness,Facebook,Feed,Facebook,1559766,11326.02
Jul 2025,2025,"Byram Healthcare Centers, Inc.","Byram Healthcare Centers, Inc.",Health & Wellness,Health & Wellness,Health & Wellness,Facebook,Other,Facebook,151617,1095.64
Jul 2025,2025,"Byram Healthcare Centers, Inc.","Byram Healthcare Centers, Inc.",Health & Wellness,Health & Wellness,Health & Wellness,Facebook,Reels,Facebook,613967,4509.87
Jul 2025,2025,"Byram Healthcare Centers, Inc.","Byram Healthcare Centers, Inc.",Health & Wellness,Health & Wellness,Health & Wellness,Instagram,Feed,Instagram,367437,2993.01
Jul 2025,2025,"Byram Healthcare Centers, Inc.","Byram Healthcare Centers, Inc.",Health & Wellness,Health & Wellness,Health & Wellness,Instagram,Reels,Instagram,569920,4483.89
Jul 2025,2025,"Byram Healthcare Centers, Inc.","Byram Healthcare Centers, Inc.",Health & Wellness,Health & Wellness,Health & Wellness,Instagram,Stories,Instagram,290067,2251.17
Jul 2025,2025,"RGH ENTERPRISES, INC. (Edgepark Medical Supplies)","RGH ENTERPRISES, INC. (Edgepark Medical Supplies)",Health & Wellness,Health & Wellness,Health & Wellness,Facebook,Ads on Reel,Facebook,133701,1056.51
Jul 2025,2025,"RGH ENTERPRISES, INC. (Edgepark Medical Supplies)","RGH ENTERPRISES, INC. (Edgepark Medical Supplies)",Health & Wellness,Health & Wellness,Health & Wellness,Facebook,Feed,Facebook,17157899,121815.05
Jul 2025,2025,"RGH ENTERPRISES, INC. (Edgepark Medical Supplies)","RGH ENTERPRISES, INC. (Edgepark Medical Supplies)",Health & Wellness,Health & Wellness,Health & Wellness,Facebook,Marketplace,Facebook,39419,284.85
Jul 2025,2025,"RGH ENTERPRISES, INC. (Edgepark Medical Supplies)","RGH ENTERPRISES, INC. (Edgepark Medical Supplies)",Health & Wellness,Health & Wellness,Health & Wellness,Facebook,Other,Facebook,378167,2519.76
Jul 2025,2025,"RGH ENTERPRISES, INC. (Edgepark Medical Supplies)","RGH ENTERPRISES, INC. (Edgepark Medical Supplies)",Health & Wellness,Health & Wellness,Health & Wellness,Facebook,Reels,Facebook,3177770,22080.16
Jul 2025,2025,"RGH ENTERPRISES, INC. (Edgepark Medical Supplies)","RGH ENTERPRISES, INC. (Edgepark Medical Supplies)",Health & Wellness,Health & Wellness,Health & Wellness,Facebook,Stories,Facebook,477979,3425.77
Jul 2025,2025,"RGH ENTERPRISES, INC. (Edgepark Medical Supplies)","RGH ENTERPRISES, INC. (Edgepark Medical Supplies)",Health & Wellness,Health & Wellness,Health & Wellness,Instagram,Feed,Instagram,33698,255.86
Jul 2025,2025,"RGH ENTERPRISES, INC. (Edgepark Medical Supplies)","RGH ENTERPRISES, INC. (Edgepark Medical Supplies)",Health & Wellness,Health & Wellness,Health & Wellness,Instagram,Reels,Instagram,17894,135.86
Jul 2025,2025,"RGH ENTERPRISES, INC. (Edgepark Medical Supplies)","RGH ENTERPRISES, INC. (Edgepark Medical Supplies)",Health & Wellness,Health & Wellness,Health & Wellness,Instagram,Stories,Instagram,21120,192.05
Jun 2024,2024,"Aeroflow, Inc.","Aeroflow, Inc.",Shopping,Family & Parenting Shopping,Maternity & Nursing,Facebook,Feed,Facebook,17584183,131626.44
Jun 2024,2024,"Aeroflow, Inc.","Aeroflow, Inc.",Shopping,Family & Parenting Shopping,Maternity & Nursing,Facebook,Other,Facebook,562766,3922.48
Jun 2024,2024,"Aeroflow, Inc.","Aeroflow, Inc.",Shopping,Family & Parenting Shopping,Maternity & Nursing,Facebook,Reels,Facebook,1818047,13594.12
Jun 2024,2024,"Aeroflow, Inc.","Aeroflow, Inc.",Shopping,Family & Parenting Shopping,Maternity & Nursing,Facebook,Stories,Facebook,36644,274.43
Jun 2024,2024,"Aeroflow, Inc.","Aeroflow, Inc.",Shopping,Family & Parenting Shopping,Maternity & Nursing,Instagram,Feed,Instagram,322556,2285.46
Jun 2024,2024,"Aeroflow, Inc.","Aeroflow, Inc.",Shopping,Family & Parenting Shopping,Maternity & Nursing,Instagram,Reels,Instagram,357117,2530.35
Jun 2024,2024,"Aeroflow, Inc.","Aeroflow, Inc.",Shopping,Family & Parenting Shopping,Maternity & Nursing,Instagram,Stories,Instagram,25215,178.66
Jun 2024,2024,"Aeroflow, Inc.","Aeroflow, Inc.",Shopping,Family & Parenting Shopping,Maternity & Nursing,YouTube,In-Stream,YouTube,165752,2579.1
Jun 2024,2024,"Babylist, Inc","Babylist, Inc",Lifestyle & Services,Lifestyle & Services,Lifestyle & Services,Facebook,Feed,Facebook,27054961,201981.97999999998
Jun 2024,2024,"Babylist, Inc","Babylist, Inc",Lifestyle & Services,Lifestyle & Services,Lifestyle & Services,Facebook,Reels,Facebook,5342570,39452.2
Jun 2024,2024,"Babylist, Inc","Babylist, Inc",Lifestyle & Services,Lifestyle & Services,Lifestyle & Services,Facebook,Stories,Facebook,149139,1116.93
Jun 2024,2024,"Babylist, Inc","Babylist, Inc",Lifestyle & Services,Lifestyle & Services,Lifestyle & Services,Instagram,Feed,Instagram,64566,457.47
Jun 2024,2024,"Babylist, Inc","Babylist, Inc",Lifestyle & Services,Lifestyle & Services,Lifestyle & Services,Instagram,Reels,Instagram,123118,872.35
Jun 2024,2024,"Babylist, Inc","Babylist, Inc",Lifestyle & Services,Lifestyle & Services,Lifestyle & Services,TikTok,Feed,TikTok,4720573,46946.09
Jun 2024,2024,"RGH ENTERPRISES, INC. (Edgepark Medical Supplies)","RGH ENTERPRISES, INC. (Edgepark Medical Supplies)",Health & Wellness,Health & Wellness,Health & Wellness,Facebook,Feed,Facebook,2646783,19781.269999999997
Jun 2024,2024,"RGH ENTERPRISES, INC. (Edgepark Medical Supplies)","RGH ENTERPRISES, INC. (Edgepark Medical Supplies)",Health & Wellness,Health & Wellness,Health & Wellness,Facebook,Reels,Facebook,409868,3069.56
Jun 2024,2024,"RGH ENTERPRISES, INC. (Edgepark Medical Supplies)","RGH ENTERPRISES, INC. (Edgepark Medical Supplies)",Health & Wellness,Health & Wellness,Health & Wellness,Facebook,Stories,Facebook,37043,277.42
Jun 2024,2024,"RGH ENTERPRISES, INC. (Edgepark Medical Supplies)","RGH ENTERPRISES, INC. (Edgepark Medical Supplies)",Health & Wellness,Health & Wellness,Health & Wellness,Instagram,Feed,Instagram,955281,6609.3
Jun 2024,2024,"RGH ENTERPRISES, INC. (Edgepark Medical Supplies)","RGH ENTERPRISES, INC. (Edgepark Medical Supplies)",Health & Wellness,Health & Wellness,Health & Wellness,Instagram,Reels,Instagram,24059,165.05
Jun 2024,2024,"RGH ENTERPRISES, INC. (Edgepark Medical Supplies)","RGH ENTERPRISES, INC. (Edgepark Medical Supplies)",Health & Wellness,Health & Wellness,Health & Wellness,Instagram,Stories,Instagram,26939,184.81
Jun 2025,2025,"Aeroflow, Inc.","Aeroflow, Inc.",Shopping,Family & Parenting Shopping,Maternity & Nursing,Facebook,Feed,Facebook,3956045,28152.210000000003
Jun 2025,2025,"Aeroflow, Inc.","Aeroflow, Inc.",Shopping,Family & Parenting Shopping,Maternity & Nursing,Facebook,Other,Facebook,275260,1918.56
Jun 2025,2025,"Aeroflow, Inc.","Aeroflow, Inc.",Shopping,Family & Parenting Shopping,Maternity & Nursing,Facebook,Reels,Facebook,1969107,13938.970000000001
Jun 2025,2025,"Aeroflow, Inc.","Aeroflow, Inc.",Shopping,Family & Parenting Shopping,Maternity & Nursing,Facebook,Stories,Facebook,149844,1094.6599999999999
Jun 2025,2025,"Babylist, Inc","Babylist, Inc",Lifestyle & Services,Lifestyle & Services,Lifestyle & Services,Desktop Display,Other,YouTube,83791,792.03
Jun 2025,2025,"Babylist, Inc","Babylist, Inc",Lifestyle & Services,Lifestyle & Services,Lifestyle & Services,Desktop Display,Other,msn.com,74778,657.28
Jun 2025,2025,"Babylist, Inc","Babylist, Inc",Lifestyle & Services,Lifestyle & Services,Lifestyle & Services,Desktop Display,Other,scribd.com,44622,138.87
Jun 2025,2025,"Babylist, Inc","Babylist, Inc",Lifestyle & Services,Lifestyle & Services,Lifestyle & Services,Facebook,Ads on Reel,Facebook,841936,6779.56
Jun 2025,2025,"Babylist, Inc","Babylist, Inc",Lifestyle & Services,Lifestyle & Services,Lifestyle & Services,Facebook,Feed,Facebook,94667193,639930.41
Jun 2025,2025,"Babylist, Inc","Babylist, Inc",Lifestyle & Services,Lifestyle & Services,Lifestyle & Services,Facebook,Marketplace,Facebook,10556294,75910.6
Jun 2025,2025,"Babylist, Inc","Babylist, Inc",Lifestyle & Services,Lifestyle & Services,Lifestyle & Services,Facebook,Other,Facebook,33851919,235722.51
Jun 2025,2025,"Babylist, Inc","Babylist, Inc",Lifestyle & Services,Lifestyle & Services,Lifestyle & Services,Facebook,Reels,Facebook,8701184,58126.869999999995
Jun 2025,2025,"Babylist, Inc","Babylist, Inc",Lifestyle & Services,Lifestyle & Services,Lifestyle & Services,Facebook,Stories,Facebook,2369696,17000.96
Jun 2025,2025,"Babylist, Inc","Babylist, Inc",Lifestyle & Services,Lifestyle & Services,Lifestyle & Services,Instagram,Feed,Instagram,6247986,48467.43
Jun 2025,2025,"Babylist, Inc","Babylist, Inc",Lifestyle & Services,Lifestyle & Services,Lifestyle & Services,Instagram,Reels,Instagram,2591897,19688.27
Jun 2025,2025,"Babylist, Inc","Babylist, Inc",Lifestyle & Services,Lifestyle & Services,Lifestyle & Services,Instagram,Stories,Instagram,9670794,79415.12
Jun 2025,2025,"Babylist, Inc","Babylist, Inc",Lifestyle & Services,Lifestyle & Services,Lifestyle & Services,TikTok,Feed,TikTok,4904237,53506.07
Jun 2025,2025,"Byram Healthcare Centers, Inc.","Byram Healthcare Centers, Inc.",Health & Wellness,Health & Wellness,Health & Wellness,Facebook,Feed,Facebook,1805115,12463.220000000001
Jun 2025,2025,"Byram Healthcare Centers, Inc.","Byram Healthcare Centers, Inc.",Health & Wellness,Health & Wellness,Health & Wellness,Facebook,Reels,Facebook,1079219,7697.17
Jun 2025,2025,"Byram Healthcare Centers, Inc.","Byram Healthcare Centers, Inc.",Health & Wellness,Health & Wellness,Health & Wellness,Facebook,Stories,Facebook,161273,1188.39
Jun 2025,2025,"Byram Healthcare Centers, Inc.","Byram Healthcare Centers, Inc.",Health & Wellness,Health & Wellness,Health & Wellness,Instagram,Reels,Instagram,48220,374.96
Jun 2025,2025,"RGH ENTERPRISES, INC. (Edgepark Medical Supplies)","RGH ENTERPRISES, INC. (Edgepark Medical Supplies)",Health & Wellness,Health & Wellness,Health & Wellness,Facebook,Feed,Facebook,9554946,68452.87
Jun 2025,2025,"RGH ENTERPRISES, INC. (Edgepark Medical Supplies)","RGH ENTERPRISES, INC. (Edgepark Medical Supplies)",Health & Wellness,Health & Wellness,Health & Wellness,Facebook,Marketplace,Facebook,374450,2537.88
Jun 2025,2025,"RGH ENTERPRISES, INC. (Edgepark Medical Supplies)","RGH ENTERPRISES, INC. (Edgepark Medical Supplies)",Health & Wellness,Health & Wellness,Health & Wellness,Facebook,Other,Facebook,1565572,10946.65
Jun 2025,2025,"RGH ENTERPRISES, INC. (Edgepark Medical Supplies)","RGH ENTERPRISES, INC. (Edgepark Medical Supplies)",Health & Wellness,Health & Wellness,Health & Wellness,Facebook,Reels,Facebook,1711435,12284.22
Jun 2025,2025,"RGH ENTERPRISES, INC. (Edgepark Medical Supplies)","RGH ENTERPRISES, INC. (Edgepark Medical Supplies)",Health & Wellness,Health & Wellness,Health & Wellness,Facebook,Stories,Facebook,39352,262.21
Jun 2025,2025,"RGH ENTERPRISES, INC. (Edgepark Medical Supplies)","RGH ENTERPRISES, INC. (Edgepark Medical Supplies)",Health & Wellness,Health & Wellness,Health & Wellness,Instagram,Feed,Instagram,7937526,55172.33
Jun 2025,2025,"RGH ENTERPRISES, INC. (Edgepark Medical Supplies)","RGH ENTERPRISES, INC. (Edgepark Medical Supplies)",Health & Wellness,Health & Wellness,Health & Wellness,Instagram,Reels,Instagram,798347,5694.38
Jun 2025,2025,"RGH ENTERPRISES, INC. (Edgepark Medical Supplies)","RGH ENTERPRISES, INC. (Edgepark Medical Supplies)",Health & Wellness,Health & Wellness,Health & Wellness,Instagram,Stories,Instagram,4222671,29171.739999999998
Mar 2024,2024,"Aeroflow, Inc.","Aeroflow, Inc.",Shopping,Family & Parenting Shopping,Maternity & Nursing,Desktop Display,Other,nameberry.com,142560,1907.28
Mar 2024,2024,"Aeroflow, Inc.","Aeroflow, Inc.",Shopping,Family & Parenting Shopping,Maternity & Nursing,Desktop Display,Other,theprint.in,60270,122.0
Mar 2024,2024,"Aeroflow, Inc.","Aeroflow, Inc.",Shopping,Family & Parenting Shopping,Maternity & Nursing,Facebook,Feed,Facebook,4847448,33787.18
Mar 2024,2024,"Aeroflow, Inc.","Aeroflow, Inc.",Shopping,Family & Parenting Shopping,Maternity & Nursing,Facebook,Other,Facebook,1803913,12573.27
Mar 2024,2024,"Aeroflow, Inc.","Aeroflow, Inc.",Shopping,Family & Parenting Shopping,Maternity & Nursing,Instagram,Reels,Instagram,26688,183.09
Mar 2024,2024,"Babylist, Inc","Babylist, Inc",Lifestyle & Services,Lifestyle & Services,Lifestyle & Services,Desktop Display,Other,YouTube,21301,201.35
Mar 2024,2024,"Babylist, Inc","Babylist, Inc",Lifestyle & Services,Lifestyle & Services,Lifestyle & Services,Facebook,Feed,Facebook,2657870,18525.57
Mar 2024,2024,"Babylist, Inc","Babylist, Inc",Lifestyle & Services,Lifestyle & Services,Lifestyle & Services,Facebook,Other,Facebook,3097148,21587.12
Mar 2024,2024,"Babylist, Inc","Babylist, Inc",Lifestyle & Services,Lifestyle & Services,Lifestyle & Services,Facebook,Reels,Facebook,423929,2954.8399999999997
Mar 2024,2024,"Babylist, Inc","Babylist, Inc",Lifestyle & Services,Lifestyle & Services,Lifestyle & Services,Facebook,Stories,Facebook,125089,871.89
Mar 2024,2024,"Babylist, Inc","Babylist, Inc",Lifestyle & Services,Lifestyle & Services,Lifestyle & Services,Instagram,Feed,Instagram,106228,728.73
Mar 2024,2024,"Babylist, Inc","Babylist, Inc",Lifestyle & Services,Lifestyle & Services,Lifestyle & Services,Instagram,Reels,Instagram,284082,1948.83
Mar 2024,2024,"Babylist, Inc","Babylist, Inc",Lifestyle & Services,Lifestyle & Services,Lifestyle & Services,TikTok,Feed,TikTok,1497281,14897.93
Mar 2024,2024,"RGH ENTERPRISES, INC. (Edgepark Medical Supplies)","RGH ENTERPRISES, INC. (Edgepark Medical Supplies)",Health & Wellness,Health & Wellness,Health & Wellness,Facebook,Feed,Facebook,4162725,29014.530000000002
Mar 2024,2024,"RGH ENTERPRISES, INC. (Edgepark Medical Supplies)","RGH ENTERPRISES, INC. (Edgepark Medical Supplies)",Health & Wellness,Health & Wellness,Health & Wellness,Facebook,Other,Facebook,4058587,28288.350000000002
Mar 2024,2024,"RGH ENTERPRISES, INC. (Edgepark Medical Supplies)","RGH ENTERPRISES, INC. (Edgepark Medical Supplies)",Health & Wellness,Health & Wellness,Health & Wellness,Facebook,Reels,Facebook,171326,1194.16
Mar 2024,2024,"RGH ENTERPRISES, INC. (Edgepark Medical Supplies)","RGH ENTERPRISES, INC. (Edgepark Medical Supplies)",Health & Wellness,Health & Wellness,Health & Wellness,Facebook,Stories,Facebook,280377,1954.25
Mar 2024,2024,"RGH ENTERPRISES, INC. (Edgepark Medical Supplies)","RGH ENTERPRISES, INC. (Edgepark Medical Supplies)",Health & Wellness,Health & Wellness,Health & Wellness,Instagram,Feed,Instagram,232891,1597.6599999999999
Mar 2024,2024,"RGH ENTERPRISES, INC. (Edgepark Medical Supplies)","RGH ENTERPRISES, INC. (Edgepark Medical Supplies)",Health & Wellness,Health & Wellness,Health & Wellness,Instagram,Reels,Instagram,47872,328.41
Mar 2024,2024,"RGH ENTERPRISES, INC. (Edgepark Medical Supplies)","RGH ENTERPRISES, INC. (Edgepark Medical Supplies)",Health & Wellness,Health & Wellness,Health & Wellness,Instagram,Stories,Instagram,52442,359.76
Mar 2025,2025,"Aeroflow, Inc.","Aeroflow, Inc.",Shopping,Family & Parenting Shopping,Maternity & Nursing,Facebook,Feed,Facebook,52461131,393870.56
Mar 2025,2025,"Aeroflow, Inc.","Aeroflow, Inc.",Shopping,Family & Parenting Shopping,Maternity & Nursing,Facebook,Reels,Facebook,277257,2109.88
Mar 2025,2025,"Aeroflow, Inc.","Aeroflow, Inc.",Shopping,Family & Parenting Shopping,Maternity & Nursing,Facebook,Stories,Facebook,122348,902.04
Mar 2025,2025,"Aeroflow, Inc.","Aeroflow, Inc.",Shopping,Family & Parenting Shopping,Maternity & Nursing,Instagram,Feed,Instagram,85659,692.03
Mar 2025,2025,"Aeroflow, Inc.","Aeroflow, Inc.",Shopping,Family & Parenting Shopping,Maternity & Nursing,Instagram,Stories,Instagram,212780,1719.01
Mar 2025,2025,"Babylist, Inc","Babylist, Inc",Lifestyle & Services,Lifestyle & Services,Lifestyle & Services,Facebook,Feed,Facebook,55887471,404522.41
Mar 2025,2025,"Babylist, Inc","Babylist, Inc",Lifestyle & Services,Lifestyle & Services,Lifestyle & Services,Facebook,Marketplace,Facebook,6146763,44447.59
Mar 2025,2025,"Babylist, Inc","Babylist, Inc",Lifestyle & Services,Lifestyle & Services,Lifestyle & Services,Facebook,Other,Facebook,191842,1386.32
Mar 2025,2025,"Babylist, Inc","Babylist, Inc",Lifestyle & Services,Lifestyle & Services,Lifestyle & Services,Facebook,Reels,Facebook,6500270,47038.76
Mar 2025,2025,"Babylist, Inc","Babylist, Inc",Lifestyle & Services,Lifestyle & Services,Lifestyle & Services,Facebook,Stories,Facebook,842131,6111.030000000001
Mar 2025,2025,"Babylist, Inc","Babylist, Inc",Lifestyle & Services,Lifestyle & Services,Lifestyle & Services,Instagram,Feed,Instagram,1246447,10022.31
Mar 2025,2025,"Babylist, Inc","Babylist, Inc",Lifestyle & Services,Lifestyle & Services,Lifestyle & Services,Instagram,Reels,Instagram,115796,965.0200000000001
Mar 2025,2025,"Babylist, Inc","Babylist, Inc",Lifestyle & Services,Lifestyle & Services,Lifestyle & Services,Instagram,Stories,Instagram,2820564,23112.64
Mar 2025,2025,"Babylist, Inc","Babylist, Inc",Lifestyle & Services,Lifestyle & Services,Lifestyle & Services,TikTok,Feed,TikTok,4353765,42181.62
Mar 2025,2025,"Babylist, Inc","Babylist, Inc",Lifestyle & Services,Lifestyle & Services,Lifestyle & Services,YouTube,In-Stream,YouTube,76393,107.04
Mar 2025,2025,"Byram Healthcare Centers, Inc.","Byram Healthcare Centers, Inc.",Health & Wellness,Health & Wellness,Health & Wellness,OTT,In-Stream,OTT Streaming Services (General),367182,9094.69
Mar 2025,2025,"RGH ENTERPRISES, INC. (Edgepark Medical Supplies)","RGH ENTERPRISES, INC. (Edgepark Medical Supplies)",Health & Wellness,Health & Wellness,Health & Wellness,Facebook,Feed,Facebook,2110029,15657.29
Mar 2025,2025,"RGH ENTERPRISES, INC. (Edgepark Medical Supplies)","RGH ENTERPRISES, INC. (Edgepark Medical Supplies)",Health & Wellness,Health & Wellness,Health & Wellness,Facebook,Marketplace,Facebook,37940,274.17
Mar 2025,2025,"RGH ENTERPRISES, INC. (Edgepark Medical Supplies)","RGH ENTERPRISES, INC. (Edgepark Medical Supplies)",Health & Wellness,Health & Wellness,Health & Wellness,Facebook,Other,Facebook,655147,4566.37
Mar 2025,2025,"RGH ENTERPRISES, INC. (Edgepark Medical Supplies)","RGH ENTERPRISES, INC. (Edgepark Medical Supplies)",Health & Wellness,Health & Wellness,Health & Wellness,Facebook,Stories,Facebook,153490,1109.65
Mar 2025,2025,"RGH ENTERPRISES, INC. (Edgepark Medical Supplies)","RGH ENTERPRISES, INC. (Edgepark Medical Supplies)",Health & Wellness,Health & Wellness,Health & Wellness,Instagram,Feed,Instagram,1087906,7543.07
Mar 2025,2025,"RGH ENTERPRISES, INC. (Edgepark Medical Supplies)","RGH ENTERPRISES, INC. (Edgepark Medical Supplies)",Health & Wellness,Health & Wellness,Health & Wellness,Instagram,Reels,Instagram,298104,2135.1800000000003
Mar 2025,2025,"RGH ENTERPRISES, INC. (Edgepark Medical Supplies)","RGH ENTERPRISES, INC. (Edgepark Medical Supplies)",Health & Wellness,Health & Wellness,Health & Wellness,Instagram,Stories,Instagram,90423,730.52
May 2024,2024,"Aeroflow, Inc.","Aeroflow, Inc.",Shopping,Family & Parenting Shopping,Maternity & Nursing,Facebook,Feed,Facebook,21195831,158739.62
May 2024,2024,"Aeroflow, Inc.","Aeroflow, Inc.",Shopping,Family & Parenting Shopping,Maternity & Nursing,Facebook,Reels,Facebook,1651170,12365.94
May 2024,2024,"Aeroflow, Inc.","Aeroflow, Inc.",Shopping,Family & Parenting Shopping,Maternity & Nursing,Facebook,Stories,Facebook,38554,288.74
May 2024,2024,"Babylist, Inc","Babylist, Inc",Lifestyle & Services,Lifestyle & Services,Lifestyle & Services,Facebook,Feed,Facebook,63426319,460428.06
May 2024,2024,"Babylist, Inc","Babylist, Inc",Lifestyle & Services,Lifestyle & Services,Lifestyle & Services,Facebook,Reels,Facebook,9102615,66673.42
May 2024,2024,"Babylist, Inc","Babylist, Inc",Lifestyle & Services,Lifestyle & Services,Lifestyle & Services,Facebook,Stories,Facebook,986050,7149.34
May 2024,2024,"Babylist, Inc","Babylist, Inc",Lifestyle & Services,Lifestyle & Services,Lifestyle & Services,Instagram,Feed,Instagram,2116631,14823.919999999998
May 2024,2024,"Babylist, Inc","Babylist, Inc",Lifestyle & Services,Lifestyle & Services,Lifestyle & Services,Instagram,Reels,Instagram,811089,5691.21
May 2024,2024,"Babylist, Inc","Babylist, Inc",Lifestyle & Services,Lifestyle & Services,Lifestyle & Services,Instagram,Stories,Instagram,2332724,16389.190000000002
May 2024,2024,"Babylist, Inc","Babylist, Inc",Lifestyle & Services,Lifestyle & Services,Lifestyle & Services,TikTok,Feed,TikTok,4028862,40068.56
May 2024,2024,"RGH ENTERPRISES, INC. (Edgepark Medical Supplies)","RGH ENTERPRISES, INC. (Edgepark Medical Supplies)",Health & Wellness,Health & Wellness,Health & Wellness,Facebook,Feed,Facebook,188716,1413.32
May 2024,2024,"RGH ENTERPRISES, INC. (Edgepark Medical Supplies)","RGH ENTERPRISES, INC. (Edgepark Medical Supplies)",Health & Wellness,Health & Wellness,Health & Wellness,Facebook,Reels,Facebook,36799,275.6
May 2024,2024,"RGH ENTERPRISES, INC. (Edgepark Medical Supplies)","RGH ENTERPRISES, INC. (Edgepark Medical Supplies)",Health & Wellness,Health & Wellness,Health & Wellness,Instagram,Feed,Instagram,699344,4827.0199999999995
May 2025,2025,"Aeroflow, Inc.","Aeroflow, Inc.",Shopping,Family & Parenting Shopping,Maternity & Nursing,Facebook,Feed,Facebook,15220419,103578.12
May 2025,2025,"Aeroflow, Inc.","Aeroflow, Inc.",Shopping,Family & Parenting Shopping,Maternity & Nursing,Facebook,Other,Facebook,1635985,11434.92
May 2025,2025,"Aeroflow, Inc.","Aeroflow, Inc.",Shopping,Family & Parenting Shopping,Maternity & Nursing,Facebook,Reels,Facebook,2854758,19472.16
May 2025,2025,"Aeroflow, Inc.","Aeroflow, Inc.",Shopping,Family & Parenting Shopping,Maternity & Nursing,Facebook,Stories,Facebook,454100,3093.82
May 2025,2025,"Aeroflow, Inc.","Aeroflow, Inc.",Shopping,Family & Parenting Shopping,Maternity & Nursing,Instagram,Feed,Instagram,1583739,12112.83
May 2025,2025,"Aeroflow, Inc.","Aeroflow, Inc.",Shopping,Family & Parenting Shopping,Maternity & Nursing,Instagram,Reels,Instagram,1519899,11596.0
May 2025,2025,"Aeroflow, Inc.","Aeroflow, Inc.",Shopping,Family & Parenting Shopping,Maternity & Nursing,Instagram,Stories,Instagram,368205,2867.59
May 2025,2025,"Babylist, Inc","Babylist, Inc",Lifestyle & Services,Lifestyle & Services,Lifestyle & Services,Desktop Display,Other,YouTube,19813,187.29
May 2025,2025,"Babylist, Inc","Babylist, Inc",Lifestyle & Services,Lifestyle & Services,Lifestyle & Services,Facebook,Feed,Facebook,136651341,926749.7
May 2025,2025,"Babylist, Inc","Babylist, Inc",Lifestyle & Services,Lifestyle & Services,Lifestyle & Services,Facebook,Marketplace,Facebook,2582070,17204.46
May 2025,2025,"Babylist, Inc","Babylist, Inc",Lifestyle & Services,Lifestyle & Services,Lifestyle & Services,Facebook,Other,Facebook,4477153,31022.41
May 2025,2025,"Babylist, Inc","Babylist, Inc",Lifestyle & Services,Lifestyle & Services,Lifestyle & Services,Facebook,Reels,Facebook,16590522,112919.06999999999
May 2025,2025,"Babylist, Inc","Babylist, Inc",Lifestyle & Services,Lifestyle & Services,Lifestyle & Services,Facebook,Stories,Facebook,679111,4546.5
May 2025,2025,"Babylist, Inc","Babylist, Inc",Lifestyle & Services,Lifestyle & Services,Lifestyle & Services,Instagram,Feed,Instagram,3157352,24862.94
May 2025,2025,"Babylist, Inc","Babylist, Inc",Lifestyle & Services,Lifestyle & Services,Lifestyle & Services,Instagram,Reels,Instagram,1833668,13922.429999999998
May 2025,2025,"Babylist, Inc","Babylist, Inc",Lifestyle & Services,Lifestyle & Services,Lifestyle & Services,Instagram,Stories,Instagram,5107216,42239.93
May 2025,2025,"Babylist, Inc","Babylist, Inc",Lifestyle & Services,Lifestyle & Services,Lifestyle & Services,TikTok,Feed,TikTok,457753,4994.16
May 2025,2025,"Byram Healthcare Centers, Inc.","Byram Healthcare Centers, Inc.",Health & Wellness,Health & Wellness,Health & Wellness,YouTube,In-Stream,YouTube,2833988,22212.62
May 2025,2025,"RGH ENTERPRISES, INC. (Edgepark Medical Supplies)","RGH ENTERPRISES, INC. (Edgepark Medical Supplies)",Health & Wellness,Health & Wellness,Health & Wellness,Facebook,Feed,Facebook,1209014,8654.01
May 2025,2025,"RGH ENTERPRISES, INC. (Edgepark Medical Supplies)","RGH ENTERPRISES, INC. (Edgepark Medical Supplies)",Health & Wellness,Health & Wellness,Health & Wellness,Facebook,Reels,Facebook,205432,1446.62
May 2025,2025,"RGH ENTERPRISES, INC. (Edgepark Medical Supplies)","RGH ENTERPRISES, INC. (Edgepark Medical Supplies)",Health & Wellness,Health & Wellness,Health & Wellness,Instagram,Stories,Instagram,37977,291.93
Nov 2024,2024,"Aeroflow, Inc.","Aeroflow, Inc.",Shopping,Family & Parenting Shopping,Maternity & Nursing,Facebook,Feed,Facebook,45233,357.44
Nov 2024,2024,"Aeroflow, Inc.","Aeroflow, Inc.",Shopping,Family & Parenting Shopping,Maternity & Nursing,Instagram,Stories,Instagram,26955,240.31
Nov 2024,2024,"Babylist, Inc","Babylist, Inc",Lifestyle & Services,Lifestyle & Services,Lifestyle & Services,Facebook,Ads on Reel,Facebook,1564141,12359.88
Nov 2024,2024,"Babylist, Inc","Babylist, Inc",Lifestyle & Services,Lifestyle & Services,Lifestyle & Services,Facebook,Feed,Facebook,58252259,449646.92
Nov 2024,2024,"Babylist, Inc","Babylist, Inc",Lifestyle & Services,Lifestyle & Services,Lifestyle & Services,Facebook,Marketplace,Facebook,157403,1243.8
Nov 2024,2024,"Babylist, Inc","Babylist, Inc",Lifestyle & Services,Lifestyle & Services,Lifestyle & Services,Facebook,Other,Facebook,141597,1028.22
Nov 2024,2024,"Babylist, Inc","Babylist, Inc",Lifestyle & Services,Lifestyle & Services,Lifestyle & Services,Facebook,Reels,Facebook,6528234,48781.95
Nov 2024,2024,"Babylist, Inc","Babylist, Inc",Lifestyle & Services,Lifestyle & Services,Lifestyle & Services,Facebook,Stories,Facebook,496756,3918.49
Nov 2024,2024,"Babylist, Inc","Babylist, Inc",Lifestyle & Services,Lifestyle & Services,Lifestyle & Services,Instagram,Feed,Instagram,1255838,11013.52
Nov 2024,2024,"Babylist, Inc","Babylist, Inc",Lifestyle & Services,Lifestyle & Services,Lifestyle & Services,Instagram,Reels,Instagram,150551,1330.26
Nov 2024,2024,"Babylist, Inc","Babylist, Inc",Lifestyle & Services,Lifestyle & Services,Lifestyle & Services,Instagram,Stories,Instagram,1559243,13661.97
Nov 2024,2024,"Babylist, Inc","Babylist, Inc",Lifestyle & Services,Lifestyle & Services,Lifestyle & Services,TikTok,Feed,TikTok,429362,4922.6
Nov 2024,2024,"Byram Healthcare Centers, Inc.","Byram Healthcare Centers, Inc.",Health & Wellness,Health & Wellness,Health & Wellness,OTT,In-Stream,OTT Streaming Services (General),554330,14789.93
Nov 2024,2024,"Byram Healthcare Centers, Inc.","Byram Healthcare Centers, Inc.",Health & Wellness,Health & Wellness,Health & Wellness,YouTube,In-Stream,YouTube,575094,4516.83
Nov 2024,2024,"RGH ENTERPRISES, INC. (Edgepark Medical Supplies)","RGH ENTERPRISES, INC. (Edgepark Medical Supplies)",Health & Wellness,Health & Wellness,Health & Wellness,Facebook,Ads on Reel,Facebook,44734,353.49
Nov 2024,2024,"RGH ENTERPRISES, INC. (Edgepark Medical Supplies)","RGH ENTERPRISES, INC. (Edgepark Medical Supplies)",Health & Wellness,Health & Wellness,Health & Wellness,Facebook,Feed,Facebook,1663519,11634.59
Nov 2024,2024,"RGH ENTERPRISES, INC. (Edgepark Medical Supplies)","RGH ENTERPRISES, INC. (Edgepark Medical Supplies)",Health & Wellness,Health & Wellness,Health & Wellness,Facebook,Other,Facebook,46492,324.05
Nov 2024,2024,"RGH ENTERPRISES, INC. (Edgepark Medical Supplies)","RGH ENTERPRISES, INC. (Edgepark Medical Supplies)",Health & Wellness,Health & Wellness,Health & Wellness,Facebook,Reels,Facebook,40362,281.32
Nov 2024,2024,"RGH ENTERPRISES, INC. (Edgepark Medical Supplies)","RGH ENTERPRISES, INC. (Edgepark Medical Supplies)",Health & Wellness,Health & Wellness,Health & Wellness,Facebook,Stories,Facebook,38634,289.33
Oct 2024,2024,"Aeroflow, Inc.","Aeroflow, Inc.",Shopping,Family & Parenting Shopping,Maternity & Nursing,Facebook,Feed,Facebook,75680429,558059.8
Oct 2024,2024,"Aeroflow, Inc.","Aeroflow, Inc.",Shopping,Family & Parenting Shopping,Maternity & Nursing,Facebook,Reels,Facebook,5458806,39962.04
Oct 2024,2024,"Aeroflow, Inc.","Aeroflow, Inc.",Shopping,Family & Parenting Shopping,Maternity & Nursing,Facebook,Stories,Facebook,416491,3094.45
Oct 2024,2024,"Aeroflow, Inc.","Aeroflow, Inc.",Shopping,Family & Parenting Shopping,Maternity & Nursing,Instagram,Feed,Instagram,8202426,59765.78
Oct 2024,2024,"Aeroflow, Inc.","Aeroflow, Inc.",Shopping,Family & Parenting Shopping,Maternity & Nursing,Instagram,Reels,Instagram,8718093,62776.54
Oct 2024,2024,"Aeroflow, Inc.","Aeroflow, Inc.",Shopping,Family & Parenting Shopping,Maternity & Nursing,Instagram,Stories,Instagram,598692,4453.22
Oct 2024,2024,"Babylist, Inc","Babylist, Inc",Lifestyle & Services,Lifestyle & Services,Lifestyle & Services,Desktop Display,Other,whattoexpect.com,17086,35.87
Oct 2024,2024,"Babylist, Inc","Babylist, Inc",Lifestyle & Services,Lifestyle & Services,Lifestyle & Services,Facebook,Feed,Facebook,95455384,723412.6
Oct 2024,2024,"Babylist, Inc","Babylist, Inc",Lifestyle & Services,Lifestyle & Services,Lifestyle & Services,Facebook,Other,Facebook,182197,1269.91
Oct 2024,2024,"Babylist, Inc","Babylist, Inc",Lifestyle & Services,Lifestyle & Services,Lifestyle & Services,Facebook,Reels,Facebook,9601031,73215.23999999999
Oct 2024,2024,"Babylist, Inc","Babylist, Inc",Lifestyle & Services,Lifestyle & Services,Lifestyle & Services,Facebook,Stories,Facebook,1442679,10979.25
Oct 2024,2024,"Babylist, Inc","Babylist, Inc",Lifestyle & Services,Lifestyle & Services,Lifestyle & Services,Instagram,Feed,Instagram,8851692,67516.16
Oct 2024,2024,"Babylist, Inc","Babylist, Inc",Lifestyle & Services,Lifestyle & Services,Lifestyle & Services,Instagram,Reels,Instagram,1498297,11633.75
Oct 2024,2024,"Babylist, Inc","Babylist, Inc",Lifestyle & Services,Lifestyle & Services,Lifestyle & Services,Instagram,Stories,Instagram,5519808,42150.56
Oct 2024,2024,"Babylist, Inc","Babylist, Inc",Lifestyle & Services,Lifestyle & Services,Lifestyle & Services,TikTok,Feed,TikTok,21743002,234959.53
Oct 2024,2024,"Byram Healthcare Centers, Inc.","Byram Healthcare Centers, Inc.",Health & Wellness,Health & Wellness,Health & Wellness,Facebook,Feed,Facebook,364149,2723.8199999999997
Oct 2024,2024,"Byram Healthcare Centers, Inc.","Byram Healthcare Centers, Inc.",Health & Wellness,Health & Wellness,Health & Wellness,Facebook,Reels,Facebook,39843,288.79
Oct 2024,2024,"Byram Healthcare Centers, Inc.","Byram Healthcare Centers, Inc.",Health & Wellness,Health & Wellness,Health & Wellness,OTT,In-Stream,Hulu,137973,4238.11
Oct 2024,2024,"Byram Healthcare Centers, Inc.","Byram Healthcare Centers, Inc.",Health & Wellness,Health & Wellness,Health & Wellness,OTT,In-Stream,OTT Streaming Services (General),482562,12389.54
Oct 2024,2024,"Byram Healthcare Centers, Inc.","Byram Healthcare Centers, Inc.",Health & Wellness,Health & Wellness,Health & Wellness,YouTube,In-Stream,YouTube,264862,418.87
Oct 2024,2024,"RGH ENTERPRISES, INC. (Edgepark Medical Supplies)","RGH ENTERPRISES, INC. (Edgepark Medical Supplies)",Health & Wellness,Health & Wellness,Health & Wellness,Facebook,Feed,Facebook,829804,6170.48
Oct 2024,2024,"RGH ENTERPRISES, INC. (Edgepark Medical Supplies)","RGH ENTERPRISES, INC. (Edgepark Medical Supplies)",Health & Wellness,Health & Wellness,Health & Wellness,Facebook,Other,Facebook,504384,3515.56
Oct 2024,2024,"RGH ENTERPRISES, INC. (Edgepark Medical Supplies)","RGH ENTERPRISES, INC. (Edgepark Medical Supplies)",Health & Wellness,Health & Wellness,Health & Wellness,Instagram,Feed,Instagram,508419,3534.37
Sep 2024,2024,"Aeroflow, Inc.","Aeroflow, Inc.",Shopping,Family & Parenting Shopping,Maternity & Nursing,Facebook,Feed,Facebook,2969941,21590.18
Sep 2024,2024,"Aeroflow, Inc.","Aeroflow, Inc.",Shopping,Family & Parenting Shopping,Maternity & Nursing,Instagram,Feed,Instagram,604846,4160.37
Sep 2024,2024,"Babylist, Inc","Babylist, Inc",Lifestyle & Services,Lifestyle & Services,Lifestyle & Services,Facebook,Feed,Facebook,85378427,618837.28
Sep 2024,2024,"Babylist, Inc","Babylist, Inc",Lifestyle & Services,Lifestyle & Services,Lifestyle & Services,Facebook,Reels,Facebook,4397403,31873.18
Sep 2024,2024,"Babylist, Inc","Babylist, Inc",Lifestyle & Services,Lifestyle & Services,Lifestyle & Services,Facebook,Stories,Facebook,782421,5671.12
Sep 2024,2024,"Babylist, Inc","Babylist, Inc",Lifestyle & Services,Lifestyle & Services,Lifestyle & Services,Instagram,Feed,Instagram,491745,3632.1200000000003
Sep 2024,2024,"Babylist, Inc","Babylist, Inc",Lifestyle & Services,Lifestyle & Services,Lifestyle & Services,Instagram,Reels,Instagram,21448,158.42
Sep 2024,2024,"Babylist, Inc","Babylist, Inc",Lifestyle & Services,Lifestyle & Services,Lifestyle & Services,Instagram,Stories,Instagram,26974,199.23
Sep 2024,2024,"Babylist, Inc","Babylist, Inc",Lifestyle & Services,Lifestyle & Services,Lifestyle & Services,TikTok,Feed,TikTok,17364172,177090.91999999998
Sep 2024,2024,"Babylist, Inc","Babylist, Inc",Lifestyle & Services,Lifestyle & Services,Lifestyle & Services,YouTube,In-Stream,YouTube,42470,65.04
Sep 2024,2024,"Byram Healthcare Centers, Inc.","Byram Healthcare Centers, Inc.",Health & Wellness,Health & Wellness,Health & Wellness,YouTube,In-Stream,YouTube,318399,483.58000000000004
Sep 2024,2024,"RGH ENTERPRISES, INC. (Edgepark Medical Supplies)","RGH ENTERPRISES, INC. (Edgepark Medical Supplies)",Health & Wellness,Health & Wellness,Health & Wellness,Facebook,Feed,Facebook,3800190,28032.620000000003
Sep 2024,2024,"RGH ENTERPRISES, INC. (Edgepark Medical Supplies)","RGH ENTERPRISES, INC. (Edgepark Medical Supplies)",Health & Wellness,Health & Wellness,Health & Wellness,Facebook,Reels,Facebook,586857,4385.61
Sep 2024,2024,"RGH ENTERPRISES, INC. (Edgepark Medical Supplies)","RGH ENTERPRISES, INC. (Edgepark Medical Supplies)",Health & Wellness,Health & Wellness,Health & Wellness,Facebook,Stories,Facebook,75502,565.45
